date,ivf_turistico_servicios,lag_1,lag_2,lag_3,lag_4,roll_mean_2,roll_mean_4,q2,q3,q4,covid,trend,gasto_medio__excursionistas_fronterizos__en_automoviles__entrada,gasto_medio__excursionistas_fronterizos__en_automoviles__salida,gasto_medio__excursionistas_fronterizos__peatones__entrada,gasto_medio__excursionistas_fronterizos__peatones__salida,gasto_medio__turistas_de_internacion__via_aerea__entrada,gasto_medio__turistas_de_internacion__via_aerea__salida,gasto_medio__turistas_de_internacion__via_terrestre__entrada,gasto_medio__turistas_de_internacion__via_terrestre__salida,gasto_medio__turistas_fronterizos__en_automoviles__entrada,gasto_medio__turistas_fronterizos__en_automoviles__salida,gasto_medio__turistas_fronterizos__peatones__entrada,gasto_medio__turistas_fronterizos__peatones__salida,gasto_total__excursionistas_fronterizos__en_automoviles__entrada,gasto_total__excursionistas_fronterizos__en_automoviles__salida,gasto_total__excursionistas_fronterizos__peatones__entrada,gasto_total__excursionistas_fronterizos__peatones__salida,gasto_total__turistas_de_internacion__via_aerea__entrada,gasto_total__turistas_de_internacion__via_aerea__salida,gasto_total__turistas_de_internacion__via_terrestre__entrada,gasto_total__turistas_de_internacion__via_terrestre__salida,gasto_total__turistas_fronterizos__en_automoviles__entrada,gasto_total__turistas_fronterizos__en_automoviles__salida,gasto_total__turistas_fronterizos__peatones__entrada,gasto_total__turistas_fronterizos__peatones__salida,num_visitantes__excursionistas_fronterizos__en_automoviles__entrada,num_visitantes__excursionistas_fronterizos__en_automoviles__salida,num_visitantes__excursionistas_fronterizos__peatones__entrada,num_visitantes__excursionistas_fronterizos__peatones__salida,num_visitantes__turistas_de_internacion__via_aerea__entrada,num_visitantes__turistas_de_internacion__via_aerea__salida,num_visitantes__turistas_de_internacion__via_terrestre__entrada,num_visitantes__turistas_de_internacion__via_terrestre__salida,num_visitantes__turistas_fronterizos__en_automoviles__entrada,num_visitantes__turistas_fronterizos__en_automoviles__salida,num_visitantes__turistas_fronterizos__peatones__entrada,num_visitantes__turistas_fronterizos__peatones__salida
1994-01-01,63.4,66.2,64.6,64.8,60.6,65.39999999999999,64.05,0,0,0,0,4,0.0,0.0,0.0,0.0,0.0,420.7709999999994,1114.4132857142858,575.5339999999998,0.0,72.53771428571432,0.0,0.0,0.0,0.0,0.0,0.0,0.0,0.0,0.0,94850878.17142852,0.0,0.0,0.0,11603355.514285715,7314671.157142856,2275815.957142855,1629075.157142857,2614421.8142857137,0.0,0.0,0.0,457989.5142857137,1027177.1285714286,59971.99999999988,644255.0857142857,622659.8142857141
1994-04-01,67.9,63.4,66.2,64.6,64.8,64.8,64.75,1,0,0,0,5,0.0,0.0,0.0,0.0,0.0,554.6995714285711,1020.0490000000002,594.0268571428569,0.0,52.18914285714291,0.0,0.0,0.0,0.0,0.0,0.0,0.0,0.0,0.0,102900355.45714286,0.0,0.0,0.0,9622350.65714286,6963875.157142857,1263668.8142857137,1508447.5857142855,2225556.1,0.0,0.0,0.0,484314.2285714279,994766.8428571434,0.0,627256.3714285714,574773.0999999999
1994-07-01,68.5,67.9,63.4,66.2,64.6,65.65,65.525,0,1,0,0,6,0.0,0.0,0.0,0.0,0.0,554.2211607142856,1024.0529464285714,629.8423214285714,0.0,48.16785714285727,0.0,0.0,0.0,0.0,0.0,0.0,0.0,0.0,0.0,174381469.7678575,0.0,0.0,0.0,9936656.892857151,6929641.901785715,1951896.6875000044,1461267.705357143,2195617.205357144,0.0,0.0,0.0,683503.982142858,1448288.4910714312,106412.50000000084,666757.7321428574,582045.794642857
1994-10-01,69.0,68.5,67.9,63.4,66.2,68.19999999999999,66.5,0,0,1,0,7,0.0,0.0,0.0,0.0,0.0,746.7699107142848,951.6441964285718,635.572321428571,0.0,96.91285714285708,0.0,0.0,0.0,0.0,0.0,0.0,0.0,0.0,2779077.8035713136,224543956.51785648,0.0,284162.3124999255,0.0,13214633.642857136,7617080.526785712,2953053.3124999925,1751161.5803571425,2779504.0803571413,0.0,0.0,71295.70535714144,913388.9821428546,1542037.6160714263,193353.749999999,729231.7321428567,615899.9196428568
1995-01-01,62.0,69.0,68.5,67.9,63.4,68.75,67.2,0,0,0,0,8,0.0,0.0,0.0,0.0,0.0,488.25632142857086,1113.6511785714283,578.1056428571427,0.0,78.2619285714286,0.0,0.0,0.0,0.0,0.0,0.0,0.0,0.0,0.0,99218957.0071428,0.0,0.0,0.0,11827687.7,7257490.860714285,2477382.382142856,1634808.217857143,2620411.2749999994,0.0,0.0,0.0,477728.12857142807,1103572.7107142855,92020.99999999988,645853.7,611809.4535714284
1995-04-01,61.2,62.0,69.0,68.5,67.9,65.5,66.85,1,0,0,0,9,0.0,0.0,0.0,0.0,0.0,622.1848928571425,1019.286892857143,596.5984999999998,0.0,57.9133571428572,0.0,0.0,0.0,0.0,0.0,0.0,0.0,0.0,0.0,107268434.29285714,0.0,0.0,0.0,9846682.842857148,6906694.860714286,1465235.2392857138,1514180.6464285713,2231545.5607142854,0.0,0.0,0.0,504052.8428571422,1071162.4250000005,0.0,628854.9857142856,563922.7392857141
1995-07-01,60.8,61.2,62.0,69.0,68.5,61.599999999999994,65.175,0,1,0,0,10,0.0,0.0,0.0,0.0,0.0,621.706482142857,1023.2908392857144,632.4139642857142,0.0,53.89207142857156,0.0,0.0,0.0,0.0,0.0,0.0,0.0,0.0,0.0,178749548.6035718,0.0,0.0,0.0,10160989.07857144,6872461.605357143,2153463.1125000045,1467000.7660714288,2201606.6660714294,0.0,0.0,0.0,703242.5964285723,1524684.0732142883,138461.50000000084,668356.3464285717,571195.4339285714
1995-10-01,63.3,60.8,61.2,62.0,69.0,60.99999999999999,63.25,0,0,1,0,11,0.0,0.0,0.0,0.0,0.0,814.2552321428564,950.8820892857148,638.1439642857139,0.0,102.63707142857136,0.0,0.0,0.0,0.0,0.0,0.0,0.0,0.0,16985729.860714167,228912035.3535708,0.0,3740112.4374999255,0.0,13438965.82857142,7559900.23035714,3154619.7374999924,1756894.6410714278,2785493.541071427,0.0,0.0,114426.11607142724,933127.5964285688,1618433.1982142834,225402.749999999,730830.346428571,605049.5589285712
1996-01-01,60.6,63.3,60.8,61.2,62.0,62.04999999999999,61.825,0,0,0,0,12,0.0,0.0,0.0,0.0,0.0,555.7416428571423,1112.8890714285717,580.6772857142855,0.0,83.98614285714288,0.0,0.0,0.0,0.0,0.0,0.0,0.0,0.0,0.0,103587035.8428571,0.0,0.0,0.0,12052019.885714289,7200310.564285713,2678948.807142856,1640541.2785714285,2626400.735714285,0.0,0.0,0.0,497466.7428571424,1179968.2928571429,124069.9999999999,647452.3142857143,600959.0928571427
1996-04-01,61.6,60.6,63.3,60.8,61.2,61.94999999999999,61.475,1,0,0,0,13,0.0,0.0,0.0,0.0,0.0,689.6702142857139,1018.524785714286,599.1701428571427,0.0,63.63757142857148,0.0,0.0,0.0,0.0,0.0,0.0,0.0,0.0,0.0,111636513.12857144,0.0,0.0,0.0,10071015.028571432,6849514.564285714,1666801.6642857138,1519913.707142857,2237535.021428571,0.0,0.0,0.0,523791.45714285655,1147558.0071428576,22700.714285714348,630453.6,553072.3785714285
1996-07-01,60.5,61.6,60.6,63.3,60.8,61.099999999999994,61.574999999999996,0,1,0,0,14,0.0,0.0,0.0,0.0,0.0,689.1918035714284,1022.5287321428572,634.9856071428571,0.0,59.61628571428584,0.0,0.0,0.0,0.0,0.0,0.0,0.0,0.0,0.0,183117627.43928608,0.0,0.0,0.0,10385321.264285725,6815281.308928572,2355029.5375000043,1472733.8267857144,2207596.126785715,0.0,0.0,0.0,722981.2107142867,1601079.6553571457,170510.50000000084,669954.960714286,560345.0732142857
1996-10-01,63.4,60.5,61.6,60.6,63.3,61.05,61.5,0,0,1,0,15,0.0,0.0,0.0,0.0,0.0,881.7405535714278,950.1199821428576,640.7156071428567,0.0,108.36128571428569,0.0,0.0,0.0,0.0,0.0,0.0,0.0,0.0,31192381.91785702,233280114.18928504,0.0,7196062.5624999255,0.0,13663298.014285706,7502719.933928569,3356186.162499992,1762627.7017857137,2791483.001785713,0.0,0.0,157556.52678571292,952866.2107142832,1694828.7803571406,257451.749999999,732428.9607142853,594199.1982142854
1997-01-01,63.1,63.4,60.5,61.6,60.6,61.94999999999999,61.525,0,0,0,0,16,0.0,0.0,0.0,0.0,62.16285714285732,623.2269642857137,1112.1269642857144,583.2489285714285,0.0,89.71035714285718,0.0,0.0,0.0,0.0,0.0,0.0,0.0,0.0,0.0,107955114.67857136,0.0,0.0,0.0,12276352.071428573,7143130.267857142,2880515.2321428554,1646274.339285714,2632390.196428571,0.0,0.0,0.0,517205.3571428567,1256363.875,156118.99999999988,649050.9285714285,590108.7321428569
1997-04-01,64.6,63.1,63.4,60.5,61.6,63.24999999999999,62.15,1,0,0,0,17,0.0,0.0,0.0,0.0,0.0,757.1555357142854,1017.7626785714288,601.7417857142855,0.0,69.36178571428576,0.0,0.0,0.0,0.0,0.0,0.0,0.0,0.0,0.0,116004591.96428572,0.0,0.0,0.0,10295347.214285718,6792334.267857143,1868368.0892857136,1525646.7678571427,2243524.482142857,0.0,0.0,0.0,543530.0714285709,1223953.5892857148,54749.71428571436,632052.2142857143,542222.0178571427
1997-07-01,64.1,64.6,63.1,63.4,60.5,63.849999999999994,62.9,0,1,0,0,18,0.0,0.0,0.0,0.0,0.0,756.6771249999999,1021.766625,637.55725,0.0,65.34050000000013,0.0,0.0,0.0,0.0,0.0,0.0,0.0,0.0,0.0,187485706.2750004,0.0,0.0,0.0,10609653.45000001,6758101.012500001,2556595.962500005,1478466.8875000002,2213585.587500001,0.0,0.0,0.0,742719.8250000009,1677475.2375000026,202559.50000000084,671553.5750000003,549494.7124999999
1997-10-01,65.7,64.1,64.6,63.1,63.4,64.35,63.8,0,0,1,0,19,0.0,0.0,0.0,0.0,0.0,949.2258749999992,949.3578750000004,643.2872499999996,0.0,114.08549999999995,0.0,0.0,0.0,0.0,0.0,0.0,0.0,0.0,45399033.974999845,237648193.0249993,0.0,10652012.687499924,0.0,13887630.199999992,7445539.637499997,3557752.5874999925,1768360.7624999993,2797472.4624999985,0.0,0.0,200686.9374999986,972604.8249999976,1771224.3624999975,289500.74999999907,734027.5749999996,583348.8374999997
1998-01-01,65.4,65.7,64.1,64.6,63.1,64.9,64.375,0,0,0,0,20,0.0,0.0,0.0,0.0,198.38828571428587,690.7122857142851,1111.364857142857,585.8205714285713,0.0,95.43457142857146,0.0,0.0,0.0,0.0,0.0,0.0,0.0,0.0,0.0,112323193.51428568,0.0,0.0,0.0,12500684.25714286,7085949.97142857,3082081.657142855,1652007.4,2638379.6571428566,0.0,0.0,0.0,536943.971428571,1332759.4571428571,188167.9999999999,650649.5428571429,579258.3714285713
1998-04-01,67.0,65.4,65.7,64.1,64.6,65.55000000000001,64.95,1,0,0,0,21,0.0,0.0,0.0,0.0,0.0,824.6408571428567,1017.0005714285716,604.3134285714284,0.0,75.08600000000004,0.0,0.0,0.0,0.0,0.0,0.0,0.0,0.0,0.0,120372670.8,0.0,0.0,0.0,10519679.400000004,6735153.971428571,2069934.514285714,1531379.8285714283,2249513.9428571425,0.0,0.0,0.0,563268.6857142851,1300349.171428572,86798.71428571436,633650.8285714285,531371.657142857
1998-07-01,67.5,67.0,65.4,65.7,64.1,66.2,65.55,0,1,0,0,22,0.0,0.0,0.0,0.0,0.0,824.1624464285713,1021.0045178571428,640.1288928571428,0.0,71.06471428571442,0.0,0.0,0.0,0.0,0.0,0.0,0.0,0.0,0.0,191853785.11071467,0.0,0.0,0.0,10833985.635714296,6700920.716071429,2758162.387500005,1484199.948214286,2219575.0482142866,0.0,0.0,0.0,762458.4392857152,1753870.8196428595,234608.50000000084,673152.1892857146,538644.3517857143
1998-10-01,68.1,67.5,67.0,65.4,65.7,67.25,66.4,0,0,1,0,23,0.0,0.0,0.0,0.0,0.0,1016.7111964285706,948.5957678571432,645.8588928571425,0.0,119.80971428571424,0.0,0.0,0.0,0.0,0.0,0.0,0.0,0.0,59605686.0321427,242016271.86071363,0.0,14107962.812499924,0.0,14111962.385714278,7388359.341071426,3759319.0124999927,1774093.823214285,2803461.923214284,0.0,0.0,243817.3482142844,992343.439285712,1847619.9446428549,321549.74999999907,735626.189285714,572498.476785714
1999-01-01,68.3,68.1,67.5,67.0,65.4,67.8,67.0,0,0,0,0,24,0.0,0.0,0.0,0.0,334.6137142857144,758.1976071428567,1110.60275,588.3922142857141,0.0,101.15878571428574,0.0,0.0,0.0,0.0,0.0,0.0,0.0,0.0,0.0,116691272.34999996,0.0,0.0,0.0,12725016.442857144,7028769.674999999,3283648.0821428555,1657740.4607142855,2644369.1178571424,0.0,0.0,0.0,556682.5857142853,1409155.0392857145,220216.9999999999,652248.1571428571,568408.0107142855
1999-04-01,69.0,68.3,68.1,67.5,67.0,68.19999999999999,67.725,1,0,0,0,25,0.0,0.0,0.0,0.0,57.14942857142876,892.1261785714282,1016.2384642857144,606.8850714285712,0.0,80.81021428571432,0.0,0.0,0.0,0.0,0.0,0.0,0.0,0.0,0.0,124740749.6357143,0.0,0.0,0.0,10744011.58571429,6677973.675,2271500.939285714,1537112.889285714,2255503.4035714283,0.0,0.0,0.0,583007.2999999995,1376744.753571429,118847.71428571436,635249.4428571429,520521.2964285713
1999-07-01,68.7,69.0,68.3,68.1,67.5,68.65,68.225,0,1,0,0,26,0.0,0.0,0.0,0.0,21.29285714285697,891.6477678571428,1020.2424107142858,642.7005357142857,0.0,76.7889285714287,0.0,0.0,0.0,0.0,0.0,0.0,0.0,0.0,0.0,196221863.94642892,0.0,0.0,0.0,11058317.821428582,6643740.419642858,2959728.8125000047,1489933.0089285716,2225564.5089285723,0.0,0.0,0.0,782197.0535714296,1830266.4017857169,266657.5000000008,674750.8035714289,527793.9910714285
1999-10-01,68.9,68.7,69.0,68.3,68.1,68.85,68.52499999999999,0,0,1,0,27,0.0,0.0,0.0,0.0,56.05035714285793,1084.196517857142,947.833660714286,648.4305357142853,0.0,125.53392857142852,0.0,0.0,0.0,0.0,0.0,0.0,0.0,0.0,73812338.08928555,246384350.6964279,0.0,17563912.937499925,0.0,14336294.571428563,7331179.0446428545,3960885.437499993,1779826.883928571,2809451.38392857,0.0,0.0,286947.7589285701,1012082.053571426,1924015.526785712,353598.74999999907,737224.8035714282,561648.1160714283
2000-01-01,70.8,68.9,68.7,69.0,68.3,68.80000000000001,68.72500000000001,0,0,0,0,28,0.0,0.0,0.0,0.0,470.839142857143,825.6829285714281,1109.840642857143,590.963857142857,0.0,106.88300000000004,0.0,0.0,0.0,0.0,0.0,0.0,0.0,0.0,0.0,121059351.18571424,0.0,2005099.107142873,0.0,12949348.628571428,6971589.378571427,3485214.507142856,1663473.5214285713,2650358.578571428,0.0,0.0,0.0,576421.1999999996,1485550.6214285714,252265.9999999999,653846.7714285714,557557.6499999998
2000-04-01,72.9,70.8,68.9,68.7,69.0,69.85,69.35,1,0,0,0,29,0.0,0.0,0.0,0.0,193.3748571428573,959.6114999999996,1015.4763571428572,609.4567142857142,0.0,86.53442857142862,0.0,0.0,0.0,0.0,0.0,0.0,0.0,0.0,0.0,129108828.4714286,0.0,0.0,0.0,10968343.771428574,6620793.378571428,2473067.364285714,1542845.95,2261492.864285714,0.0,0.0,0.0,602745.9142857138,1453140.3357142862,150896.71428571438,636848.0571428571,509670.9357142856
2000-07-01,71.9,72.9,70.8,68.9,68.7,71.85,70.325,0,1,0,0,30,0.0,0.0,0.0,0.0,157.51828571428564,959.1330892857144,1019.4803035714286,645.2721785714285,0.0,82.51314285714298,0.0,0.0,0.0,0.0,0.0,0.0,0.0,0.0,0.0,200589942.78214324,0.0,0.0,0.0,11282650.007142868,6586560.123214287,3161295.237500005,1495666.0696428574,2231553.969642858,0.0,0.0,0.0,801935.6678571438,1906661.983928574,298706.5000000009,676349.4178571432,516943.6303571428
2000-10-01,72.0,71.9,72.9,70.8,68.9,72.4,71.125,0,0,1,0,31,0.0,0.0,0.0,0.0,192.2757857142864,1151.6818392857135,947.071553571429,651.0021785714282,0.0,131.2581428571428,0.0,0.0,0.0,0.0,0.0,0.0,0.0,0.0,88018990.1464284,250752429.53214225,0.0,21019863.062499925,0.0,14560626.75714285,7273998.748214283,4162451.862499992,1785559.9446428565,2815440.844642855,0.0,0.0,330078.1696428559,1031820.6678571404,2000411.108928569,385647.7499999991,738823.4178571424,550797.7553571425
2001-01-01,73.5,72.0,71.9,72.9,70.8,71.95,71.9,0,0,0,0,32,0.0,0.0,0.0,0.0,607.0645714285715,893.1682499999995,1109.078535714286,593.5354999999998,0.0,112.60721428571432,0.0,0.0,0.0,0.0,0.0,0.0,0.0,0.0,0.0,125427430.02142854,0.0,5461049.232142873,0.0,13173680.814285714,6914409.082142856,3686780.932142856,1669206.5821428571,2656348.039285714,0.0,0.0,0.0,596159.814285714,1561946.2035714283,284314.9999999999,655445.3857142857,546707.2892857142
2001-04-01,73.3,73.5,72.0,71.9,72.9,72.75,72.575,1,0,0,0,33,0.0,0.0,0.0,0.0,329.600285714286,1027.096821428571,1014.7142500000002,612.028357142857,0.0,92.2586428571429,0.0,0.0,0.0,0.0,0.0,0.0,0.0,0.0,0.0,133476907.30714288,0.0,0.0,0.0,11192675.95714286,6563613.082142857,2674633.789285714,1548579.0107142855,2267482.325,0.0,0.0,0.0,622484.528571428,1529535.917857143,182945.7142857144,638446.6714285715,498820.5749999999
2001-07-01,70.7,73.3,73.5,72.0,71.9,73.4,72.675,0,1,0,0,34,0.0,0.0,0.0,0.0,293.7437142857141,1026.6184107142858,1018.7181964285714,647.8438214285715,0.0,88.23735714285726,0.0,0.0,0.0,0.0,0.0,0.0,0.0,0.0,6583674.453571886,204958021.61785755,0.0,3428801.062500123,0.0,11506982.192857154,6529379.826785715,3362861.6625000047,1501399.130357143,2237543.430357144,0.0,0.0,0.0,821674.2821428581,1983057.5660714312,330755.5000000009,677948.0321428574,506093.26964285714
2001-10-01,70.1,70.7,73.3,73.5,72.0,72.0,72.375,0,0,1,0,35,0.0,0.0,0.0,0.0,328.50121428571504,1219.1671607142848,946.3094464285718,653.573821428571,0.0,136.9823571428571,0.0,0.0,0.0,0.0,0.0,0.0,0.0,0.0,102225642.20357126,255120508.3678565,0.0,24475813.187499925,0.0,14784958.942857135,7216818.451785712,4364018.287499992,1791293.005357142,2821430.3053571414,0.0,0.0,373208.5803571416,1051559.2821428548,2076806.6910714265,417696.7499999991,740422.0321428567,539947.3946428569
2002-01-01,70.0,70.1,70.7,73.3,73.5,70.4,71.9,0,0,0,0,36,0.0,0.0,0.0,0.0,743.29,960.6535714285708,1108.3164285714286,596.1071428571427,0.0,118.3314285714286,0.0,0.0,0.0,0.0,0.0,0.0,0.0,0.0,0.0,129795508.85714284,0.0,8916999.357142873,0.0,13398013.0,6857228.7857142845,3888347.357142856,1674939.6428571427,2662337.4999999995,0.0,0.0,0.0,615898.4285714282,1638341.7857142857,316363.99999999994,657044.0,535856.9285714284
2002-04-01,72.2,70.0,70.1,70.7,73.3,70.05,71.025,1,0,0,0,37,0.0,0.0,0.0,0.0,465.8257142857144,1094.5821428571426,1013.952142857143,614.5999999999999,0.0,97.98285714285718,0.0,0.0,0.0,0.0,0.0,0.0,0.0,0.0,6106120.7142858505,137844986.1428572,0.0,0.0,0.0,11417008.142857146,6506432.785714285,2876200.214285714,1554312.0714285714,2273471.785714285,0.0,0.0,24234.35714285681,642223.1428571424,1605931.5000000005,214994.7142857144,640045.2857142857,487970.2142857141
2002-07-01,70.1,72.2,70.0,70.1,70.7,71.1,70.75,0,1,0,0,38,0.0,0.0,0.0,0.0,429.96914285714274,1094.103732142857,1017.9560892857144,650.4154642857143,0.0,93.96157142857156,0.0,0.0,0.0,0.0,0.0,0.0,0.0,0.0,20790326.51071471,209326100.45357183,0.0,6884751.187500123,0.0,11731314.37857144,6472199.530357144,3564428.087500005,1507132.1910714288,2243532.891071429,0.0,0.0,14683.86607142887,841412.8964285725,2059453.1482142883,362804.5000000009,679546.6464285718,495242.9089285714
2002-10-01,72.0,70.1,72.2,70.0,70.1,71.15,70.6,0,0,1,0,39,0.0,0.0,0.0,0.0,464.7266428571435,1286.6524821428563,945.5473392857148,656.1454642857138,0.0,142.70657142857138,0.0,0.0,0.0,0.0,0.0,0.0,0.0,0.0,116432294.26071411,259488587.2035708,0.0,27931763.312499925,0.0,15009291.12857142,7159638.15535714,4565584.712499993,1797026.066071428,2827419.7660714267,0.0,0.0,416338.9910714272,1071297.896428569,2153202.2732142834,449745.7499999991,742020.6464285711,529097.0339285712
2003-01-01,72.5,72.0,70.1,72.2,70.0,71.05,71.075,0,0,0,0,40,0.0,0.0,0.0,0.0,879.5154285714286,1028.1388928571423,1107.5543214285717,598.6787857142856,0.0,124.05564285714289,0.0,0.0,0.0,0.0,0.0,0.0,0.0,0.0,0.0,134163587.69285712,0.0,12372949.482142871,0.0,13622345.185714286,6800048.489285713,4089913.782142856,1680672.7035714283,2668326.9607142853,0.0,0.0,0.0,635637.0428571425,1714737.3678571428,348412.99999999994,658642.6142857143,525006.5678571428
2003-04-01,72.4,72.5,72.0,70.1,72.2,72.25,71.7,1,0,0,0,41,0.0,0.0,0.0,0.0,602.0511428571431,1162.067464285714,1013.1900357142858,617.1716428571427,0.0,103.70707142857148,0.0,0.0,0.0,0.0,0.0,0.0,0.0,0.0,20312772.771428674,142213064.97857147,0.0,0.0,0.0,11641340.328571431,6449252.489285714,3077766.6392857144,1560045.132142857,2279461.246428571,0.0,0.0,67364.76785714249,661961.7571428567,1682327.0821428574,247043.7142857144,641643.9,477119.85357142845
2003-07-01,69.6,72.4,72.5,72.0,70.1,72.45,71.75,0,1,0,0,42,0.0,0.0,0.0,0.0,566.1945714285712,1161.5890535714284,1017.1939821428572,652.9871071428572,0.0,99.68578571428584,0.0,0.0,0.0,0.0,0.0,0.0,0.0,0.0,34996978.56785756,213694179.2892861,0.0,10340701.312500125,0.0,11955646.564285723,6415019.233928572,3765994.512500005,1512865.2517857144,2249522.351785715,0.0,0.0,57814.27678571455,861151.5107142867,2135848.7303571454,394853.5000000009,681145.260714286,484392.5482142857
2003-10-01,72.0,69.6,72.4,72.5,72.0,71.0,71.625,0,0,1,0,43,0.0,0.0,0.0,0.0,600.9520714285723,1354.137803571428,944.7852321428576,658.7171071428568,0.0,148.43078571428566,0.0,6.488071428571431,0.0,0.0,0.0,0.0,0.0,0.0,130638946.31785697,263856666.03928503,0.0,31387713.437499925,0.0,15233623.314285709,7102457.858928569,4767151.137499993,1802759.1267857137,2833409.226785713,0.0,0.0,459469.4017857129,1091036.5107142832,2229597.855357141,481794.7499999991,743619.2607142853,518246.6732142855
2004-01-01,74.5,72.0,69.6,72.4,72.5,70.8,71.625,0,0,0,0,44,0.0,0.0,0.0,0.0,1015.7408571428572,1095.6242142857138,1106.7922142857144,601.2504285714284,0.0,129.77985714285717,0.0,0.0,0.0,0.0,0.0,0.0,0.0,0.0,1847335.1142858565,138531666.52857143,0.0,15828899.607142871,0.0,13846677.371428572,6742868.192857142,4291480.207142856,1686405.764285714,2674316.421428571,0.0,0.0,0.0,655375.6571428569,1791132.95,380462.0,660241.2285714286,514156.207142857
2004-04-01,75.9,74.5,72.0,69.6,72.4,73.25,72.125,1,0,0,0,45,0.0,0.0,0.0,0.0,738.2765714285715,1229.5527857142854,1012.4279285714288,619.7432857142855,0.0,109.43128571428576,0.0,0.0552857142857448,0.0,0.0,0.0,0.0,0.0,0.0,34519424.82857153,146581143.81428576,0.0,2593077.7500000224,0.0,11865672.514285715,6392072.192857143,3279333.064285714,1565778.1928571428,2285450.707142857,0.0,0.0,110495.17857142816,681700.371428571,1758722.6642857147,279092.7142857144,643242.5142857144,466269.4928571428
2004-07-01,73.6,75.9,74.5,72.0,69.6,75.2,73.0,0,1,0,0,46,0.0,0.0,0.0,0.0,702.4199999999998,1229.074375,1016.431875,655.55875,0.0,105.41000000000012,0.0,0.0,0.0,0.0,0.0,0.0,0.0,0.0,49203630.62500042,218062258.1250004,0.0,13796651.437500129,0.0,12179978.750000011,6357838.937500001,3967560.937500005,1518598.3125000002,2255511.812500001,0.0,0.0,100944.68750000036,880890.125000001,2212244.312500003,426902.5000000009,682743.8750000003,473542.1875
2004-10-01,76.9,73.6,75.9,74.5,72.0,74.75,74.0,0,0,1,0,47,0.0,0.0,0.0,0.0,737.1775000000007,1421.6231249999992,944.0231250000004,661.2887499999996,0.0,154.15499999999994,0.0,16.08,0.0,0.0,0.0,0.0,0.0,0.0,144845598.37499982,268224744.87499937,0.0,34843663.562499925,0.0,15457955.499999993,7045277.562499997,4968717.562499993,1808492.1874999995,2839398.687499998,0.0,0.0,502599.8124999987,1110775.1249999977,2305993.4374999977,513843.7499999991,745217.8749999997,507396.31249999977
2005-01-01,77.9,76.9,73.6,75.9,74.5,75.25,75.225,0,0,0,0,48,0.0,0.0,0.0,0.0,1151.9662857142855,1163.1095357142854,1106.030107142857,603.8220714285713,0.0,135.50407142857145,0.0,7.65864285714288,0.0,0.0,0.0,0.0,0.0,0.0,16053987.17142871,142899745.3642857,0.0,19284849.732142866,0.0,14071009.557142856,6685687.89642857,4493046.632142856,1692138.825,2680305.8821428567,0.0,0.0,0.0,675114.2714285711,1867528.532142857,412511.0,661839.8428571429,503305.84642857127
2005-04-01,77.5,77.9,76.9,73.6,75.9,77.4,76.075,1,0,0,0,49,0.0,0.0,4.778714285714301,0.0,874.5020000000002,1297.038107142857,1011.6658214285716,622.3149285714285,0.0,115.15550000000005,0.0,9.647214285714313,0.0,0.0,0.0,0.0,0.0,0.0,48726076.88571438,150949222.65000004,0.0,6049027.875000015,0.0,12090004.700000005,6334891.896428571,3480899.4892857145,1571511.2535714284,2291440.1678571426,0.0,0.0,153625.58928571397,701438.9857142853,1835118.246428572,311141.7142857144,644841.1285714286,455419.13214285707
2005-07-01,73.9,77.5,77.9,76.9,73.6,77.7,76.47500000000001,0,1,0,0,50,0.0,0.0,3.6986785714285872,0.0,838.6454285714283,1296.5596964285714,1015.6697678571428,658.1303928571429,0.0,111.1342142857144,0.0,5.616928571428616,0.0,0.0,0.0,0.0,0.0,0.0,63410282.68214327,222430336.9607147,0.0,17252601.56250012,0.0,12404310.935714295,6300658.6410714295,4169127.362500005,1524331.3732142858,2261501.2732142867,0.0,0.0,144075.09821428615,900628.7392857154,2288639.89464286,458951.5000000009,684342.4892857146,462691.8267857143
2005-10-01,75.0,73.9,77.5,77.9,76.9,75.7,76.55,0,0,1,0,51,0.0,0.0,1.2811785714286117,5.231232142857209,873.4029285714291,1489.1084464285707,943.2610178571432,663.8603928571425,0.0,159.87921428571423,0.0,25.67192857142857,0.0,0.0,133079.4196428731,1858167.464285672,0.0,0.0,159052250.43214267,272592823.7107136,0.0,38299613.68749991,0.0,15682287.685714278,6988097.266071426,5170283.987499993,1814225.248214285,2845388.1482142843,0.0,0.0,545730.2232142843,1130513.739285712,2382389.019642855,545892.7499999991,746816.4892857139,496545.951785714
2006-01-01,76.7,75.0,73.9,77.5,77.9,74.45,76.075,0,0,0,0,52,0.0,0.0,4.6611428571428775,0.0,1288.1917142857142,1230.5948571428569,1105.268,606.3937142857142,0.0,141.22828571428573,0.0,17.250571428571448,0.0,0.0,0.0,0.0,0.0,0.0,30260639.228571564,147267824.2,0.0,22740799.857142866,0.0,14295341.742857143,6628507.599999999,4694613.057142856,1697871.8857142855,2686295.3428571424,0.0,0.0,22910.857142856927,694852.8857142854,1943924.1142857145,444560.0,663438.4571428571,492455.4857142856
2006-04-01,78.8,76.7,75.0,73.9,77.5,75.85,75.775,1,0,0,0,53,0.0,0.0,12.14114285714288,0.0,1010.7274285714286,1364.5234285714282,1010.9037142857144,624.8865714285713,0.0,120.87971428571431,0.0,19.23914285714288,0.0,0.0,0.0,0.0,0.0,0.0,62932728.94285724,155317301.48571435,0.0,9504978.000000017,0.0,12314336.885714289,6277711.6,3682465.914285714,1577244.3142857142,2297429.6285714284,0.0,0.0,196755.99999999965,721177.5999999996,1911513.828571429,343190.7142857144,646439.7428571429,444568.7714285713
2006-07-01,75.5,78.8,76.7,75.0,73.9,77.75,76.1,0,1,0,0,54,0.0,0.0,11.061107142857152,0.0,974.870857142857,1364.0450178571427,1014.9076607142858,660.7020357142858,0.0,116.8584285714287,0.0,15.208857142857184,0.0,0.0,0.0,0.0,0.0,0.0,77616934.73928612,226798415.79642895,0.0,20708551.68750012,0.0,12628643.121428585,6243478.344642858,4370693.787500005,1530064.4339285716,2267490.7339285724,0.0,0.0,187205.50892857183,920367.3535714296,2365035.4767857166,491000.5000000009,685941.1035714289,451841.4660714286
2006-10-01,78.9,75.5,78.8,76.7,75.0,77.15,76.5,0,0,1,0,55,0.0,0.0,8.643607142857178,14.356839285714358,1009.6283571428576,1556.5937678571422,942.498910714286,666.4320357142853,0.0,165.6034285714285,0.0,35.26385714285715,0.0,0.0,4787870.151785731,11040754.178571371,0.0,0.0,173258902.48928553,276960902.546428,0.0,41755563.81249991,0.0,15906619.871428564,6930916.969642854,5371850.412499992,1819958.3089285707,2851377.6089285696,0.0,0.0,588860.6339285702,1150252.3535714264,2458784.601785712,577941.7499999991,748415.1035714282,485695.5910714283
2007-01-01,82.0,78.9,75.5,78.8,76.7,77.2,77.47500000000001,0,0,0,0,56,0.0,0.0,12.023571428571458,3.500178571428634,1424.4171428571428,1298.0801785714282,1104.505892857143,608.9653571428571,0.0,146.95250000000004,0.0,26.84250000000003,0.0,0.0,1733370.1607143208,0.0,0.0,0.0,44467291.28571442,151635903.03571427,0.0,26196749.982142866,0.0,14519673.92857143,6571327.303571427,4896179.482142856,1703604.9464285714,2692284.803571428,0.0,0.0,66041.26785714261,714591.4999999998,2020319.6964285716,476609.0,665037.0714285715,481605.1249999999
2007-04-01,81.6,82.0,78.9,75.5,78.8,80.45,78.8,1,0,0,0,57,0.0,0.0,19.503571428571448,8.301607142857222,1146.9528571428573,1432.0087499999995,1010.1416071428572,627.4582142857141,0.0,126.6039285714286,0.0,28.831071428571448,0.0,0.0,2089530.4464286044,0.0,0.0,0.0,77139381.00000009,159685380.32142863,0.0,12960928.125000017,0.0,12538669.071428576,6220531.303571428,3884032.3392857146,1582977.375,2303419.089285714,0.0,0.0,239886.41071428545,740916.2142857139,1987909.410714286,375239.7142857144,648038.3571428572,433718.4107142856
2007-07-01,78.5,81.6,82.0,78.9,75.5,81.8,79.5,0,1,0,0,58,0.0,0.0,18.42353571428572,3.6536964285715072,1111.0962857142854,1431.5303392857145,1014.1455535714286,663.2736785714286,0.0,122.582642857143,0.0,24.80078571428575,0.0,0.0,2599096.00892862,0.0,0.0,0.0,91823586.79642898,231166494.6321433,0.0,24164501.81250012,0.0,12852975.307142869,6186298.048214287,4572260.212500005,1535797.4946428577,2273480.194642858,0.0,0.0,230335.9196428575,940105.967857144,2441431.058928573,523049.5000000009,687539.7178571431,440991.10535714286
2007-10-01,80.6,78.5,81.6,82.0,78.9,80.05,80.25,0,0,1,0,59,0.0,0.0743571428570817,16.006035714285744,23.48244642857148,1145.8537857142865,1624.0790892857135,941.7368035714288,669.0036785714283,0.0,171.3276428571428,0.0,44.85578571428573,0.0,0.0,9442660.883928595,20223340.892857105,0.0,0.0,187465554.5464284,281328981.38214225,0.0,45211513.93749991,0.0,16130952.05714285,6873736.673214283,5573416.837499993,1825691.3696428563,2857367.069642856,0.0,0.0,631991.0446428559,1169990.9678571406,2535180.1839285693,609990.7499999991,750013.7178571424,474845.2303571426
2008-01-01,83.4,80.6,78.5,81.6,82.0,79.55,80.675,0,0,0,0,60,0.0,0.0,19.386000000000024,12.625785714285769,1560.6425714285715,1365.5654999999997,1103.7437857142857,611.5369999999999,0.0,152.6767142857143,0.0,36.43442857142858,0.0,0.0,6388160.892857179,0.0,0.0,0.0,58673943.34285727,156003981.87142858,0.0,29652700.107142866,0.0,14744006.114285717,6514147.007142857,5097745.907142856,1709338.0071428572,2698274.264285714,0.0,0.0,109171.6785714284,734330.1142857141,2096715.2785714285,508658.0,666635.6857142857,470754.7642857141
2008-04-01,81.8,83.4,80.6,78.5,81.6,82.0,81.025,1,0,0,0,61,0.0,0.0,26.86600000000001,17.427214285714342,1283.1782857142855,1499.4940714285713,1009.3795,630.029857142857,0.0,132.3281428571429,0.0,38.42300000000003,0.0,0.0,6744321.178571463,0.0,0.0,0.0,91346033.05714294,164053459.1571429,0.0,16416878.250000017,0.0,12763001.25714286,6163351.007142857,4085598.7642857134,1588710.4357142856,2309408.55,0.0,0.0,283016.8214285712,760654.8285714283,2064304.9928571435,407288.7142857144,649636.9714285715,422868.04999999993
2008-07-01,78.1,81.8,83.4,80.6,78.5,82.6,81.07499999999999,0,1,0,0,62,0.0,0.0,25.78596428571429,12.779303571428642,1247.3217142857138,1499.0156607142858,1013.3834464285716,665.8453214285714,0.0,128.30685714285727,0.0,34.392714285714305,0.0,0.0,7253886.741071463,0.0,0.0,0.0,106030238.85357185,235534573.4678576,0.0,27620451.93750012,0.0,13077307.492857154,6129117.751785715,4773826.637500005,1541530.555357143,2279469.655357144,0.0,0.0,273466.3303571432,959844.5821428584,2517826.641071432,555098.5000000009,689138.3321428575,430140.7446428571
2008-10-01,82.6,78.1,81.8,83.4,80.6,79.94999999999999,80.975,0,0,1,0,63,0.0,13.006642857142792,23.368464285714325,32.60805357142863,1282.079214285715,1691.564410714285,940.974696428572,671.5753214285711,0.0,177.05185714285707,0.0,54.44771428571431,0.0,0.0,14097451.616071448,29405927.60714281,0.0,0.0,201672206.60357124,285697060.2178565,0.0,48667464.06249991,0.0,16355284.242857136,6816556.376785712,5774983.262499993,1831424.4303571424,2863356.530357141,0.0,0.0,675121.4553571416,1189729.582142855,2611575.766071426,642039.7499999991,751612.3321428568,463994.8696428569
2009-01-01,82.2,82.6,78.1,81.8,83.4,80.35,81.475,0,0,0,0,64,0.0,1.6317142857142528,26.74842857142859,21.75139285714292,1696.868,1433.050821428571,1102.9816785714286,614.1086428571427,0.0,158.4009285714286,0.0,46.026357142857165,0.0,0.0,11042951.62500003,8818238.00000003,0.0,0.0,72880595.40000013,160372060.70714286,0.0,33108650.232142866,0.0,14968338.3,6456966.710714284,5299312.332142856,1715071.0678571428,2704263.725,301067.8214285728,0.0,152302.0892857141,754068.7285714285,2173110.8607142856,540707.0,668234.3,459904.4035714285
2009-04-01,75.2,82.2,82.6,78.1,81.8,82.4,81.175,1,0,0,0,65,0.0,3.345999999999975,34.22842857142858,26.55282142857149,1419.4037142857142,1566.9793928571426,1008.617392857143,632.6014999999999,0.0,138.0523571428572,0.0,48.01492857142858,0.0,0.0,11399111.910714312,0.0,0.0,0.0,105552685.1142858,168421537.99285722,0.0,19872828.37500001,0.0,12987333.442857146,6106170.710714285,4287165.189285714,1594443.4964285714,2315398.010714285,0.0,0.0,326147.2321428569,780393.4428571425,2140700.575,439337.7142857144,651235.5857142857,412017.6892857142
2009-07-01,77.1,75.2,82.2,82.6,78.1,78.7,79.525,0,1,0,0,66,0.0,0.0,33.148392857142866,21.90491071428576,1383.5471428571427,1566.500982142857,1012.6213392857144,668.4169642857144,0.0,134.03107142857155,0.0,43.98464285714289,0.0,0.0,11908677.473214328,0.0,0.0,0.0,120236890.91071469,239902652.30357185,0.0,31076402.06250012,0.0,13301639.67857144,6071937.455357144,4975393.062500006,1547263.6160714289,2285459.116071429,0.0,0.0,316596.74107142887,979583.1964285726,2594222.223214288,587147.5000000009,690736.9464285718,419290.3839285715
2009-10-01,79.2,77.1,75.2,82.2,82.6,76.15,79.275,0,0,1,0,67,0.0,25.938928571428505,30.73089285714289,41.733660714285776,1418.304642857143,1759.0497321428563,940.2125892857148,674.1469642857139,0.0,182.77607142857136,0.0,64.03964285714287,0.0,0.0,18752242.3482143,38588514.32142851,0.0,0.0,215878858.6607141,290065139.0535708,0.0,52123414.18749991,0.0,16579616.428571422,6759376.08035714,5976549.687499993,1837157.491071428,2869345.991071427,342569.3214285728,0.0,718251.8660714275,1209468.1964285693,2687971.348214284,674088.7499999992,753210.9464285711,453144.5089285712
2010-01-01,82.0,79.2,77.1,75.2,82.2,78.15,78.425,0,0,0,0,68,0.0,14.563999999999965,34.11085714285716,30.877000000000063,1833.0934285714284,1500.5361428571423,1102.2195714285715,616.6802857142857,0.0,164.12514285714286,0.0,55.61828571428575,0.0,0.0,15697742.35714288,18000824.71428573,0.0,0.0,87087247.45714298,164740139.54285717,0.0,36564600.35714287,0.0,15192670.485714288,6399786.414285714,5500878.757142856,1720804.1285714286,2710253.1857142854,687296.2857142873,0.0,195432.49999999977,773807.3428571427,2249506.4428571425,572756.0,669832.9142857143,449054.0428571428
2010-04-01,78.7,82.0,79.2,77.1,75.2,80.6,78.375,1,0,0,0,69,0.0,16.278285714285687,41.59085714285716,35.67842857142864,1555.629142857143,1634.464714285714,1007.855285714286,635.1731428571428,0.0,143.77657142857146,0.0,57.606857142857166,0.0,0.0,16053902.642857164,4571272.142857194,0.0,0.0,119759337.17142862,172789616.8285715,0.0,23328778.50000001,0.0,13211665.628571432,6048990.414285714,4488731.614285715,1600176.557142857,2321387.4714285717,0.0,0.0,369277.6428571426,800132.0571428569,2217096.1571428576,471386.7142857144,652834.2000000001,401167.3285714285
2010-07-01,77.4,78.7,82.0,79.2,77.1,80.35,79.25,0,1,0,0,70,0.0,11.63371428571429,40.51082142857142,31.03051785714291,1519.7725714285712,1633.9863035714286,1011.8592321428572,670.9886071428572,0.0,139.75528571428583,0.0,53.57657142857144,0.0,0.0,16563468.20535718,3829258.7857144177,0.0,0.0,134443542.96785754,244270731.13928616,0.0,34532352.18750012,0.0,13525971.864285726,6014757.158928572,5176959.487500005,1552996.6767857145,2291448.5767857158,0.0,0.0,359727.1517857148,999321.810714287,2670617.805357145,619196.5000000009,692335.560714286,408440.0232142857
2010-10-01,79.0,77.4,78.7,82.0,79.2,78.05000000000001,79.325,0,0,1,0,71,0.0,38.87121428571422,38.093321428571485,50.859267857142896,1554.5300714285718,1826.535053571428,939.4504821428576,676.7186071428569,0.0,188.50028571428567,0.0,73.63157142857145,0.0,0.0,23407033.080357164,47771101.03571424,0.0,0.0,230085510.7178569,294433217.8892851,0.0,55579364.31249991,0.0,16803948.614285707,6702195.783928569,6178116.112499993,1842890.5517857135,2875335.4517857125,728797.7857142873,0.0,761382.2767857129,1229206.8107142835,2764366.9303571405,706137.7499999992,754809.5607142854,442294.1482142855
2011-01-01,79.8,79.0,77.4,78.7,82.0,78.2,79.275,0,0,0,0,72,0.0,27.49628571428568,41.47328571428572,40.00260714285719,1969.3188571428568,1568.0214642857138,1101.4574642857142,619.2519285714285,0.0,169.84935714285717,0.0,65.2102142857143,0.0,0.0,20352533.089285742,27183411.428571463,0.0,0.0,101293899.51428583,169108218.37857145,0.0,40020550.48214287,0.0,15417002.671428572,6342606.117857141,5702445.182142856,1726537.1892857142,2716242.646428571,1073524.750000001,0.0,238562.9107142856,793545.957142857,2325902.025,604805.0,671431.5285714286,438203.682142857
2011-04-01,80.3,79.8,79.0,77.4,78.7,79.4,78.72500000000001,1,0,0,0,73,7.752142857142928,29.2105714285714,48.95328571428571,44.80403571428579,1691.8545714285715,1701.9500357142854,1007.0931785714288,637.7447857142856,0.0,149.50078571428577,0.0,67.19878571428575,0.0,0.0,20708693.37500001,13753858.857142895,0.0,0.0,133965989.22857147,177157695.66428578,0.0,26784728.62500001,0.0,13435997.814285718,5991810.117857142,4690298.039285715,1605909.6178571428,2327376.932142857,127248.32142857276,0.0,412408.0535714283,819870.6714285712,2293491.7392857145,503435.7142857144,654432.8142857143,390316.9678571428
2011-07-01,80.5,80.3,79.8,79.0,77.4,80.05,79.125,0,1,0,0,74,1.951250000000016,24.566000000000003,47.87325,40.15612500000006,1655.9979999999996,1701.471625,1011.097125,673.5602500000001,0.0,145.47950000000012,0.0,63.16850000000002,0.0,0.0,21218258.93750003,13011845.50000012,0.0,0.0,148650195.0250004,248638809.97500044,0.0,37988302.31250012,0.0,13750304.05000001,5957576.862500001,5378525.912500005,1558729.7375000005,2297438.037500001,0.0,0.0,402857.56250000047,1019060.4250000012,2747013.387500002,651245.5000000009,693934.1750000004,397589.6625
2011-10-01,85.1,80.5,80.3,79.8,79.0,80.4,79.9,0,0,1,0,75,6.681250000000148,51.80349999999996,45.45575000000004,59.984875000000045,1690.7555000000002,1894.0203749999996,938.6883750000004,679.2902499999997,0.0,194.22449999999995,0.0,83.2235,16219240.43750006,21772762.474999428,28061823.81250001,56953687.74999994,0.0,0.0,244292162.7749998,298801296.7249994,0.0,59035314.43749991,0.0,17028280.799999993,6645015.487499997,6379682.537499993,1848623.6124999996,2881324.912499998,1115026.250000001,0.0,804512.6874999988,1248945.424999998,2840762.512499998,738186.7499999992,756408.1749999997,431443.7874999997
2012-01-01,83.4,85.1,80.5,80.3,79.8,82.8,81.425,0,0,0,0,76,12.7928571428572,40.42857142857139,48.8357142857143,49.128214285714336,2105.5442857142857,1635.5067857142851,1100.6953571428571,621.8235714285713,0.0,175.57357142857146,0.0,74.80214285714288,5292219.464285791,0.0,25007323.8214286,36365998.14285717,399714928.3571415,0.0,115500551.57142866,173476297.21428573,0.0,43476500.60714287,0.0,15641334.857142858,6285425.821428571,5904011.607142856,1732270.25,2722232.107142857,1459753.2142857146,0.0,281693.32142857125,813284.5714285714,2402297.6071428573,636854.0,673030.142857143,427353.3214285713
2012-04-01,84.8,83.4,85.1,80.5,80.3,84.25,82.32499999999999,1,0,0,0,77,22.22714285714295,42.14285714285711,56.31571428571432,53.92964285714291,1828.08,1769.435357142857,1006.3310714285716,640.3164285714284,0.0,155.22500000000002,0.0,76.7907142857143,17174896.607142866,0.0,25363484.10714288,22936445.571428627,0.0,0.0,148172641.28571433,181525774.5000001,0.0,30240678.75000001,0.0,13660330.000000004,5934629.821428571,4891864.464285715,1611642.6785714286,2333366.3928571427,513476.7857142873,0.0,455538.4642857141,839609.2857142854,2369887.321428572,535484.7142857144,656031.4285714286,379466.607142857
2012-07-01,83.6,84.8,83.4,85.1,80.5,84.1,83.45,0,1,0,0,78,16.42625000000004,37.498285714285714,55.23567857142855,49.28173214285718,1792.223428571428,1768.9569464285714,1010.3350178571428,676.1318928571429,0.0,151.2037142857144,0.0,72.7604285714286,12514094.43750006,0.0,25873049.66964289,22194432.21428585,0.0,0.0,162856847.08214325,253006888.81071472,0.0,41444252.43750012,0.0,13974636.235714298,5900396.566071429,5580092.337500006,1564462.798214286,2303427.4982142868,195817.96428571548,3146.317857144866,445987.97321428615,1038799.0392857156,2823408.96964286,683294.5000000009,695532.7892857146,386739.3017857144
2012-10-01,85.3,83.6,84.8,83.4,85.1,84.19999999999999,84.225,0,0,1,0,79,21.156250000000117,64.7357857142857,52.81817857142862,69.1104821428572,1826.980928571429,1961.505696428571,937.9262678571432,681.8618928571425,0.0,199.94871428571423,0.0,92.81542857142858,44396649.06250006,71453439.27499938,32716614.544642866,66136274.46428564,0.0,0.0,258498814.83214265,303169375.56071365,0.0,62491264.56249991,338116.56071428955,17252612.98571428,6587835.1910714265,6581248.962499993,1854356.6732142847,2887314.373214284,1501254.7142857157,85687.06785714207,847643.0982142845,1268684.0392857122,2917158.0946428548,770235.7499999992,758006.7892857139,420593.42678571405
2013-01-01,84.3,85.3,83.6,84.8,83.4,84.44999999999999,84.275,0,0,0,0,80,27.267857142857224,53.3608571428571,56.198142857142855,58.25382142857149,2241.769714285714,1702.9921071428566,1099.93325,624.3952142857142,0.0,181.2977857142857,6.340642857142825,84.39407142857144,33469628.08928579,0.0,29662114.553571448,45548584.85714287,985796687.249998,0.0,129707203.62857153,177844376.05,0.0,46932450.73214287,0.0,15865667.042857144,6228245.524999999,6105578.032142856,1738003.3107142856,2728221.5678571425,1845981.678571429,0.0,324823.73214285704,833023.1857142856,2478693.189285714,668903.0,674628.7571428572,416502.9607142856
2013-04-01,84.2,84.3,85.3,83.6,84.8,84.8,84.5,1,0,0,0,81,36.70214285714292,55.07514285714288,63.67814285714287,63.05525000000006,1964.3054285714284,1836.9206785714284,1005.5689642857144,642.8880714285714,0.0,160.94921428571433,5.863499999999931,86.38264285714288,45352305.23214287,0.0,30018274.83928573,32119032.28571433,0.0,0.0,162379293.34285718,185893853.3357144,0.0,33696628.875000015,0.0,13884662.18571429,5877449.524999999,5093430.889285715,1617375.7392857142,2339355.8535714285,899705.2500000009,0.0,498668.87499999977,859347.8999999998,2446282.9035714287,567533.7142857144,657630.0428571429,368616.24642857135
2013-07-01,84.9,84.2,84.3,85.3,83.6,84.25,84.35,0,1,0,0,82,30.90125000000006,50.43057142857143,62.59810714285713,58.40733928571433,1928.448857142857,1836.442267857143,1009.5729107142856,678.7035357142857,0.0,156.9279285714287,16.02382142857141,82.35235714285716,40691503.06250006,5623109.825000286,30527840.401785742,31377018.928571552,0.0,983003.3250017166,177063499.1392861,257374967.646429,0.0,44900202.56250012,4218847.14642863,14198968.421428582,5843216.269642858,5781658.762500005,1570195.8589285717,2309416.958928572,582046.42857143,158883.06071428815,489118.3839285718,1058537.65357143,2899804.551785717,715343.5000000009,697131.403571429,375888.9410714286
2013-10-01,88.6,84.9,84.2,84.3,85.3,84.55000000000001,84.67500000000001,0,0,1,0,83,35.631250000000136,77.66807142857138,60.18060714285717,78.23608928571431,1963.206357142857,2028.9910178571424,937.164160714286,684.4335357142854,4.330428571428683,205.6729285714285,15.71132142857141,102.40735714285717,72574057.68750006,121134116.07499944,37371405.27678573,75318861.17857137,496722419.1607151,98249051.82499932,272705466.8892855,307537454.396428,0.0,65947214.68749991,5896293.39642857,17476945.17142856,6530654.894642855,6782815.387499994,1860089.7339285708,2893303.8339285697,1887483.178571429,241423.8107142849,890773.5089285702,1288422.6535714264,2993553.676785712,802284.7499999992,759605.4035714283,409743.0660714284
2014-01-01,86.8,88.6,84.9,84.2,84.3,86.75,85.5,0,0,0,0,84,41.74285714285719,66.29314285714284,63.56057142857144,67.3794285714286,2377.9951428571426,1770.4774285714282,1099.171142857143,626.9668571428571,23.31628571428587,187.022,28.91342857142854,93.98600000000002,61647036.71428579,48983841.74285698,34316905.28571431,54731171.5714286,1571878446.1428547,0.0,143913855.68571436,182212454.8857143,0.0,50388400.85714287,2665816.600000024,16089999.22857143,6171065.228571428,6307144.457142856,1743736.3714285714,2734211.0285714283,2232210.142857144,0.0,367954.1428571427,852761.7999999999,2555088.771428571,700952.0,676227.3714285715,405652.5999999999
2014-04-01,86.0,86.8,88.6,84.9,84.2,87.69999999999999,86.125,1,0,0,0,85,51.17714285714294,68.00742857142856,71.04057142857143,72.1808571428572,2100.5308571428573,1904.406,1004.8068571428572,645.4597142857142,14.802000000000136,166.6734285714286,28.43628571428565,95.97457142857148,73529713.85714287,13278681.45714271,34673065.57142858,41301619.00000003,202079142.0,0.0,176585945.40000004,190261932.17142865,0.0,37152579.000000015,2432865.171428591,14108994.371428575,5820269.228571428,5294997.314285714,1623108.8,2345345.314285714,1285933.7142857157,50224.05714285793,541799.2857142854,879086.5142857141,2522678.485714286,599582.7142857144,659228.6571428572,357765.88571428566
2014-07-01,85.6,86.0,86.8,88.6,84.9,86.4,86.575,0,1,0,0,86,45.37625000000003,63.362857142857166,69.96053571428568,67.53294642857148,2064.6742857142854,1903.9275892857145,1008.8108035714286,681.2751785714287,28.104642857143062,162.65214285714296,38.59660714285712,91.94428571428574,68868911.68750006,55303786.62500024,35182631.1339286,40559605.64285725,0.0,152855231.6250019,191270151.19642892,261743046.48214328,5811416.883928776,48356152.68750012,9777023.98214291,14423300.607142868,5786035.973214286,5983225.187500006,1575928.9196428575,2315406.419642858,968274.8928571437,314619.8035714305,532248.7946428575,1078276.267857144,2976200.1339285737,747392.5000000009,698730.0178571432,365038.5803571429
2014-10-01,90.1,85.6,86.0,86.8,88.6,85.8,86.74999999999999,0,0,1,0,87,50.10625000000016,90.60035714285712,67.54303571428575,87.36169642857146,2099.431785714286,2096.476339285714,936.402053571429,687.0051785714282,36.02714285714296,211.3971428571428,38.28410714285712,111.99928571428572,100751466.31250006,170814792.8749994,42026196.00892858,84501447.89285707,1082804178.0535717,250121280.12499952,286912118.9464284,311905533.23214227,2441570.258928299,69403164.81249991,11454470.23214285,17701277.35714285,6473474.598214284,6984381.8124999935,1865822.7946428568,2899293.2946428554,2273711.642857144,397160.5535714277,933903.919642856,1308161.2678571409,3069949.258928569,834333.7499999992,761204.0178571425,398892.7053571426
2015-01-01,88.5,90.1,85.6,86.0,86.8,87.85,87.125,0,0,0,0,88,56.21785714285721,79.22542857142852,70.92300000000002,76.50503571428575,2514.2205714285715,1837.96275,1098.4090357142857,629.5385,55.01300000000015,192.7462142857143,51.486214285714254,103.5779285714286,89824445.33928579,98664518.54285704,38971696.01785717,63913758.2857143,2157960205.035713,0.0,158120507.74285722,186580533.7214286,0.0,53844350.98214287,8223993.435714304,16314331.414285716,6113884.9321428565,6508710.882142857,1749469.4321428572,2740200.489285714,2618438.6071428563,142910.65714285802,411084.5535714284,872500.4142857143,2631484.3535714285,733001.0,677825.9857142858,394802.23928571417
2015-04-01,89.4,88.5,90.1,85.6,86.0,89.3,87.55,1,0,0,0,89,65.6521428571429,80.9397142857143,78.40299999999998,81.30646428571433,2236.7562857142857,1971.8913214285712,1004.04475,648.0313571428571,46.498714285714414,172.3976428571429,51.00907142857136,105.56650000000002,101707122.48214288,62959358.2571429,39327856.30357145,50484205.71428576,788160900.8928566,40615272.614285946,190792597.4571429,194630011.00714296,0.0,40608529.125000015,7991042.007142872,14333326.55714286,5763088.9321428565,5496563.739285715,1628841.8607142856,2351334.775,1672162.178571429,205960.80000000077,584929.6964285711,898825.1285714284,2599074.067857143,631631.7142857144,660827.2714285715,346915.5249999999
2015-07-01,89.3,89.4,88.5,90.1,85.6,88.95,88.39999999999999,0,1,0,0,90,59.85125000000005,76.29514285714285,77.32296428571426,76.6585535714286,2200.899714285714,1971.4129107142855,1008.0486964285716,683.8468214285715,59.80135714285734,168.37635714285727,61.16939285714284,101.53621428571432,97046320.31250006,104984463.42500009,39837421.86607146,49742192.357142985,390165184.9464302,304727459.9250021,205476803.2535718,266111125.3178576,49694911.81607163,51812102.81250012,15335200.817857193,14647632.792857151,5728855.676785715,6184791.612500005,1581661.980357143,2321395.8803571435,1354503.3571428582,470356.5464285738,575379.2053571432,1098014.8821428586,3052595.716071431,779441.5000000009,700328.6321428575,354188.2196428572
2015-10-01,94.4,89.3,89.4,88.5,90.1,89.35,89.325,0,0,1,0,91,64.58125000000013,103.53264285714286,74.90546428571433,96.4873035714286,2235.6572142857144,2163.961660714285,935.639946428572,689.5768214285712,67.72385714285724,217.12135714285708,60.85689285714284,121.5912142857143,128928874.93750006,220495469.67499936,46680986.74107143,93684034.60714278,1668885936.9464283,401993508.4249992,301118771.0035712,316273612.0678565,46325065.19107115,72859114.93749991,17012647.06785713,17925609.542857133,6416294.301785712,7185948.237499993,1871555.8553571424,2905282.755357141,2659940.107142858,552897.2964285705,977034.3303571416,1327899.882142855,3146344.8410714264,866382.7499999992,762802.6321428568,388042.3446428569
2016-01-01,92.3,94.4,89.3,89.4,88.5,91.85,90.4,0,0,0,0,92,70.69285714285724,92.15771428571426,78.28542857142857,85.6306428571429,2650.446,1905.448071428571,1097.6469285714286,632.1101428571428,86.70971428571443,198.47042857142856,74.05899999999997,113.16985714285715,118001853.9642858,148345195.342857,43626486.750000015,73096345.0,2744041963.92857,65504738.62857151,172327159.80000007,190948612.55714288,23041410.12142849,57300301.10714287,13782170.271428583,16538663.6,6056704.635714285,6710277.3071428565,1755202.4928571428,2746189.95,3004667.071428571,298647.40000000084,454214.9642857142,892239.0285714285,2707879.935714286,765050.0,679424.6000000001,383951.8785714285
2016-04-01,93.2,92.3,94.4,89.3,89.4,93.35,91.35,1,0,0,0,93,80.12714285714293,93.872,85.76542857142859,90.43207142857148,2372.981714285714,2039.3766428571428,1003.282642857143,650.603,78.19542857142869,178.12185714285718,73.58185714285707,115.1584285714286,129884531.10714288,112640035.05714284,43982647.0357143,59666792.42857146,1374242659.7857132,192487500.9142861,204999249.5142857,198998089.84285724,26951163.55000007,44064479.250000015,13549218.842857152,14557658.742857149,5705908.635714285,5698130.164285716,1634574.9214285717,2357324.2357142856,2058390.642857144,361697.5428571436,628060.107142857,918563.7428571428,2675469.6500000004,663680.7142857144,662425.8857142858,336065.1642857142
2016-07-01,91.6,93.2,92.3,94.4,89.3,92.75,92.30000000000001,0,1,0,0,94,74.32625000000002,89.22742857142859,84.68539285714284,85.78416071428575,2337.1251428571422,2038.8982321428573,1007.2865892857144,686.4184642857144,91.49807142857162,174.10057142857156,83.74217857142867,111.12814285714288,125223728.93750006,154665140.22500026,44492212.59821431,58924779.07142869,976246943.8392868,456599688.2250013,219683455.31071463,270479204.1535719,93578406.74821448,55268052.93750012,20893377.653571486,14871964.97857144,5671675.380357144,6386358.037500005,1587395.041071429,2327385.3410714297,1740731.8214285728,626093.2892857161,618509.6160714291,1117753.4964285728,3128991.2982142884,811490.5000000009,701927.2464285719,343337.85892857146
2016-10-01,96.4,91.6,93.2,92.3,94.4,92.4,92.875,0,0,1,0,95,79.05625000000015,116.46492857142854,82.26789285714288,105.61291071428572,2371.8826428571438,2231.4469821428565,934.8778392857148,692.148464285714,99.42057142857152,222.84557142857136,83.42967857142855,131.18314285714288,157106283.56250006,270176146.4749993,51335777.4732143,102866621.32142852,2254967695.839285,553865736.7249994,315325423.06071407,320641690.90357083,90208560.123214,76315065.06249991,22570823.9035714,18149941.728571422,6359114.005357141,7387514.662499993,1877288.916071428,2911272.216071427,3046168.571428571,708634.0392857133,1020164.7410714276,1347638.4964285693,3222740.423214284,898431.7499999992,764401.2464285712,377191.9839285712
2017-01-01,99.2,96.4,91.6,93.2,92.3,94.0,93.375,0,0,0,0,96,85.1678571428572,105.09,85.64785714285715,94.75625000000002,2786.6714285714284,1972.9333928571425,1096.8848214285715,634.6817857142856,118.4064285714286,204.19464285714287,96.63178571428568,122.76178571428574,146179262.5892858,198025872.14285696,48281277.48214288,82278931.71428573,3330123722.8214264,217376966.9285717,186533811.85714293,195316691.3928572,66924905.05357146,60756251.23214285,19340347.107142866,16762995.785714287,5999524.339285714,6911843.732142856,1760935.5535714286,2752179.410714285,3390895.535714285,454384.14285714366,497345.3749999999,911977.6428571428,2784275.5178571427,797099.0,681023.2142857143,373101.5178571427
2017-04-01,96.1,99.2,96.4,91.6,93.2,97.80000000000001,95.10000000000001,1,0,0,0,97,94.60214285714297,106.80428571428573,93.12785714285714,99.55767857142862,2509.2071428571426,2106.861964285714,1002.520535714286,653.1746428571428,109.89214285714286,183.84607142857143,96.1546428571428,124.75035714285715,158061939.73214287,162320711.8571428,48637437.76785715,68849379.14285716,1960324418.678572,344359729.21428585,219205901.5714286,203366168.67857152,70834658.48214293,47520429.375,19107395.678571448,14781990.928571433,5648728.339285714,5899696.589285715,1640307.982142857,2363313.696428572,2444619.107142858,517434.2857142864,671190.5178571427,938302.357142857,2751865.2321428573,695729.7142857144,664024.5000000001,325214.8035714285
2017-07-01,91.0,96.1,99.2,96.4,91.6,97.65,95.825,0,1,0,0,98,88.80125000000004,102.15971428571429,92.0478214285714,94.9097678571429,2473.350571428571,2106.383553571429,1006.5244821428572,688.9901071428573,123.1947857142858,179.82478571428584,106.31496428571428,120.72007142857146,153401137.56250006,204345817.0250002,49147003.33035717,68107365.78571439,1562328702.7321434,608471916.5250015,233890107.36785752,274847282.9892862,137461901.68035746,58724003.0625001,26451554.489285767,15096297.164285723,5614495.083928572,6587924.462500006,1593128.1017857145,2333374.801785715,2126960.285714285,781830.0321428594,661640.0267857148,1137492.110714287,3205386.8803571453,843539.5000000009,703525.8607142861,332487.49821428576
2017-10-01,96.1,91.0,96.1,99.2,96.4,93.55,95.675,0,0,1,0,99,93.53125000000011,129.39721428571428,89.63032142857146,114.73851785714288,2508.108071428572,2298.932303571428,934.1157321428576,694.7201071428569,131.11728571428569,228.56978571428567,106.00246428571428,140.77507142857144,185283692.1875001,319856823.2749995,55990568.20535715,112049208.0357142,2841049454.7321434,705737965.0249991,329532075.1178569,325009769.7392851,134092055.05535698,79771015.1874999,28129000.739285707,18374273.914285704,6301933.708928569,7589081.087499993,1883021.9767857136,2917261.6767857126,3432397.035714285,864370.7821428562,1063295.151785713,1367377.1107142838,3299136.0053571407,930480.7499999992,765999.8607142854,366341.62321428553
2018-01-01,101.5,96.1,91.0,96.1,99.2,93.55,95.6,0,0,0,0,100,99.64285714285722,118.02228571428569,93.01028571428571,103.88185714285716,2922.896857142857,2040.418714285714,1096.1227142857142,637.2534285714286,150.10314285714287,209.91885714285715,119.2045714285714,132.35371428571432,174356671.2142858,247706548.9428569,52936068.21428573,91461518.42857143,3916205481.714283,369249195.2285719,200740463.91428575,199684770.22857147,110808399.9857142,64212201.35714285,24898523.942857143,16987327.971428573,5942344.042857142,7113410.157142856,1766668.6142857142,2758168.871428571,3777124.0,610120.8857142865,540475.7857142857,931716.2571428572,2860671.1,829148.0,682621.8285714287,362251.157142857
2018-04-01,101.8,101.5,96.1,91.0,96.1,98.8,96.175,1,0,0,0,101,109.07714285714292,119.7365714285714,100.49028571428568,108.68328571428574,2645.4325714285715,2174.3472857142856,1001.7584285714288,655.7462857142857,141.58885714285714,189.57028571428572,118.7274285714285,134.34228571428574,186239348.35714287,212001388.6571428,53292228.500000015,78031965.8571429,2546406177.5714283,496231957.5142861,233412553.62857145,207734247.5142858,114718153.41428566,50976379.5,24665572.514285743,15006323.11428572,5591548.042857142,6101263.014285715,1646041.0428571429,2369303.157142857,2830847.571428571,673171.0285714292,714320.9285714284,958040.9714285712,2828260.814285714,727778.7142857144,665623.1142857143,314364.4428571428
2018-07-01,97.0,101.8,101.5,96.1,91.0,101.65,97.6,0,1,0,0,102,75.19,90.4,72.62,75.30000000000001,1962.92,2164.91,757.26,449.43,116.5,124.41,98.2,98.58,211995057.0,348938346.0,50065830.0,85654481.0,2439205464.0,1112299279.0,185922884.0,206917991.0,160072944.0,59370555.0,25692117.0,12418084.0,5652796.0,7737435.0,1383341.0,2289590.0,2495005.0,1027465.0,489607.0,918050.0,2736708.0,938048.0,522794.0,251320.0
2018-10-01,99.6,97.0,101.8,101.5,96.1,99.4,99.1,0,0,1,0,103,111.33,156.87,101.96,128.45999999999998,2848.7,3327.08,844.8199999999999,780.31,204.67,293.22,160.39999999999998,161.14,298846958.0,571291797.0,78540482.0,159839045.0,4679811158.0,1645163544.0,336943662.0,508830752.0,260290429.0,150612466.0,45718747.0,22766276.0,8126389.0,11121339.0,2313166.0,3762009.0,4915294.0,1484215.0,1214376.0,1950279.0,3811045.0,1530916.0,853890.0,425392.0
2019-01-01,101.4,99.6,97.0,101.8,101.5,98.3,99.975,0,0,0,0,104,108.89,138.46,101.66,118.03,3173.75,2773.32,1346.6,726.4,200.14,274.95,151.29,159.03,305571332.0,554647701.0,80714369.0,163119104.0,5837883781.0,1165536963.0,329821954.0,298052923.0,259437468.0,118694760.0,43760833.0,26819398.0,8419767.0,12005967.0,2389750.0,4160194.0,5527469.0,1253693.0,749370.0,1232666.0,3929571.0,1321307.0,868238.0,504044.0
2019-04-01,99.4,101.4,99.6,97.0,101.8,100.5,99.94999999999999,1,0,0,0,105,121.59,141.59,104.75,110.91,2951.81,2437.25,1081.23,696.45,194.85,230.62,141.39,159.29,329252025.0,528784211.0,87423345.0,165468980.0,4783916797.0,1159076832.0,361713182.0,344153824.0,271282662.0,103841264.0,42669842.0,27260253.0,8134000.0,11231535.0,2518933.0,4473677.0,4870109.0,1426121.0,1030549.0,1483124.0,4180826.0,1367087.0,905730.0,520437.0
2019-07-01,97.4,99.4,101.4,99.6,97.0,100.4,99.35000000000001,0,1,0,0,106,112.39,148.99,103.86,112.07,3087.01,2533.14,956.65,744.2,199.63,249.86,141.32,151.81,315158420.0,535485432.0,77241601.0,153479040.0,4331512113.0,1430779224.0,322212254.0,382848495.0,305551937.0,119475129.0,44597029.0,23599853.0,8406481.0,10777515.0,2229938.0,4108123.0,4213939.0,1691122.0,1018336.0,1542995.0,4595487.0,1433852.0,947441.0,470296.0
2019-10-01,99.2,97.4,99.4,101.4,99.6,98.4,99.44999999999999,0,0,1,0,107,112.12,162.87,89.3,136.4,2804.32,2170.05,851.57,666.81,181.39,281.72,145.07,168.69,323197894.0,637300330.0,74629761.0,202734712.0,4708848609.0,1121756546.0,369610863.0,455938939.0,295447269.0,132016463.0,45755411.0,29995384.0,8689385.0,11738779.0,2498680.0,4445854.0,5023359.0,1550419.0,1324552.0,2055471.0,4892036.0,1423078.0,947441.0,534778.0
2020-01-01,103.8,99.2,97.4,99.4,101.4,98.30000000000001,99.35000000000001,0,0,0,1,108,117.64,153.9,98.99,118.22,3126.09,2217.54,1089.27,674.96,198.39,287.87,160.97,146.99,313527352.0,550695664.0,73623297.0,157957007.0,4858748806.0,813312052.0,246160718.0,203910206.0,272632598.0,115235725.0,45224245.0,21035967.0,8011108.0,10682717.0,2238111.0,3993808.0,4648279.0,1089243.0,682778.0,907149.0,4124440.0,1200443.0,844519.0,427466.0
2020-04-01,54.1,103.8,99.2,97.4,99.4,101.5,99.94999999999999,1,0,0,1,109,123.1,131.37,106.02,126.7,2255.51,2010.45,1065.95,796.76,119.92,142.92,105.42,100.85,138182386.0,127145916.0,36189445.0,38335788.0,151110725.0,64461804.0,113727254.0,28110977.0,65034871.0,17263789.0,17775193.0,3846234.0,3368683.0,2905021.0,1022853.0,906842.0,200191.0,96327.0,337366.0,104695.0,1626649.0,361536.0,505070.0,114719.0
2020-07-01,66.5,54.1,103.8,99.2,97.4,78.95,88.625,0,1,0,1,110,123.98,147.45,114.68,128.9,2930.67,2009.41,1158.09,846.77,147.96,149.83,152.41,138.6,134271305.0,186367113.0,36035100.0,50105527.0,1070720685.0,179031251.0,214745368.0,82703039.0,118460232.0,28808571.0,26870540.0,9111871.0,3220999.0,3794527.0,956895.0,1177052.0,1097602.0,266880.0,558395.0,291462.0,2369807.0,597674.0,532245.0,195982.0
2020-10-01,76.3,66.5,54.1,103.8,99.2,60.300000000000004,80.9,0,0,1,1,111,128.34,158.54000000000002,103.44,116.92,2725.76,2193.55,950.62,670.73,169.13,227.82,149.32999999999998,139.66,171495784.0,203399470.0,49217931.0,55255152.0,2189036023.0,370644304.0,279474374.0,125805673.0,159345314.0,33312958.0,31700455.0,8676819.0,4016594.0,3835011.0,1428890.0,1415506.0,2391555.0,506156.0,898728.0,562709.0,2829115.0,436775.0,636797.0,186131.0
2021-01-01,75.9,76.3,66.5,54.1,103.8,71.4,75.175,0,0,0,1,112,153.35,161.22,130.06,123.44,3167.46,1903.02,1001.39,729.86,232.3,173.4,188.4,162.72,210233300.0,208419249.0,65190277.0,55660416.0,2279484702.0,346644544.0,174045376.0,136599404.0,192203136.0,27042893.0,39039591.0,9653134.0,4110211.0,3884574.0,1504585.0,1354044.0,2164344.0,558756.0,527771.0,561347.0,2473560.0,468311.0,623786.0,176051.0
2021-04-01,88.2,75.9,76.3,66.5,54.1,76.1,68.2,1,0,0,1,113,163.63,143.51,140.66,139.58,3269.61,1869.25,980.77,714.37,248.48,175.55,205.2,177.19,218157307.0,179960401.0,72312499.0,59210928.0,3976441082.0,722942847.0,291466431.0,278286852.0,241395693.0,27776532.0,45334354.0,11812643.0,4001095.0,3758823.0,1541640.0,1273219.0,3634772.0,1152625.0,888661.0,1155540.0,2919552.0,474370.0,662696.0,200010.0
2021-07-01,90.5,88.2,75.9,76.3,66.5,82.05000000000001,76.725,0,1,0,1,114,179.63,141.93,147.18,146.6,3501.04,1790.8,959.44,806.62,285.16,169.73,221.25,166.45,232705803.0,177108440.0,73721137.0,59299297.0,4537832069.0,754869272.0,261254578.0,360781179.0,301089038.0,26467551.0,53880052.0,11759229.0,3889438.0,3745750.0,1505305.0,1215825.0,3888490.0,1267553.0,811677.0,1343783.0,3175280.0,467401.0,730224.0,212401.0
2021-10-01,96.2,90.5,88.2,75.9,76.3,89.35,82.725,0,0,1,1,115,174.83,160.95,134.76,164.29000000000002,3312.8,2079.56,994.95,693.91,288.17,210.73,210.83,179.36,220306832.0,246279577.0,61116167.0,83153492.0,5401512256.0,971328725.0,397587323.0,340205903.0,251963573.0,38384846.0,42784972.0,12979949.0,3776220.0,4561922.0,1358773.0,1498332.0,4914506.0,1406192.0,1214100.0,1478421.0,2623843.0,545438.0,607130.0,216858.0
2022-01-01,98.2,96.2,90.5,88.2,75.9,93.35,87.7,0,0,0,0,116,171.99,160.75,126.6,147.82999999999998,3475.76,1819.31,1043.02,592.62,295.9,189.89,214.02,185.59,204219996.0,257554029.0,50688114.0,79247041.0,5899895128.0,665895103.0,230193985.0,199537649.0,224689700.0,40983319.0,38489930.0,13448510.0,3555325.0,4804277.0,1198678.0,1607053.0,5096590.0,1080641.0,667032.0,1007293.0,2271194.0,648614.0,535823.0,217171.0
2022-04-01,101.3,98.2,96.2,90.5,88.2,97.2,93.275,1,0,0,0,117,177.2,175.57999999999998,134.28,153.53,3330.69,2569.5,1036.36,472.25,318.63,212.65,229.64,193.69,218986705.0,293743858.0,59755454.0,85163440.0,6002397110.0,1076575013.0,336196560.0,171263216.0,264218422.0,47019355.0,40865388.0,13582460.0,3707092.0,5013439.0,1335595.0,1663104.0,5408751.0,1256671.0,980251.0,1087317.0,2489828.0,660720.0,538872.0,210433.0
2022-07-01,98.2,101.3,98.2,96.2,90.5,99.75,96.55,0,1,0,0,118,174.47,175.11,132.77,152.72,3313.5,2501.17,1102.64,537.09,325.86,228.47,261.98,183.56,216460121.0,310398250.0,60269292.0,89837266.0,5553279323.0,1218754313.0,368326594.0,241600960.0,316948509.0,60667014.0,53572284.0,14708459.0,3722807.0,5321229.0,1361761.0,1768301.0,5010335.0,1459833.0,1008738.0,1346659.0,2917669.0,797370.0,614255.0,241230.0
2022-10-01,100.4,98.2,101.3,98.2,96.2,99.75,98.47500000000001,0,0,1,0,119,175.54,195.5,137.29,178.71,3154.04,2716.02,1020.52,589.47,340.12,241.13,260.61,214.53,251827666.0,383905340.0,64544905.0,125867082.0,6129112253.0,1329852234.0,503527437.0,260507221.0,333322924.0,57540490.0,52286773.0,15876992.0,4302186.0,5857703.0,1410343.0,2105207.0,5813492.0,1471675.0,1438430.0,1327040.0,2932879.0,715449.0,601411.0,222075.0
2023-01-01,104.3,100.4,98.2,101.3,98.2,99.30000000000001,99.525,0,0,0,0,120,180.33,180.09,133.9,157.32999999999998,3651.35,2407.87,1085.44,540.37,333.9,209.44,243.04,175.51,259970764.0,364688460.0,64625437.0,110066206.0,7713376836.0,1040511457.0,276075025.0,193955167.0,298068290.0,52101325.0,49848026.0,14831680.0,4322627.0,6074055.0,1446856.0,2099524.0,6339870.0,1293349.0,781893.0,1066834.0,2679690.0,747853.0,614328.0,252962.0
2023-04-01,102.9,104.3,100.4,98.2,101.3,102.35,101.05,1,0,0,0,121,194.99,180.61,139.73000000000002,162.26,3382.8,2757.01,905.73,594.47,328.55,209.94,243.47,182.23,299167625.0,385038009.0,66413845.0,118686252.0,6210534745.0,1362889135.0,294766878.0,223747778.0,326030010.0,51521942.0,54479349.0,14022780.0,4591809.0,6390705.0,1424999.0,2190422.0,5504154.0,1483027.0,983690.0,1129595.0,2969217.0,735947.0,671242.0,230358.0
2023-07-01,100.4,102.9,104.3,100.4,98.2,103.6,101.45,0,1,0,0,122,187.68,179.14,141.8,153.94,3192.52,2830.76,1022.82,685.12,333.52,208.94,226.5,177.79,261885383.0,407676414.0,62944400.0,117917600.0,5247715776.0,1696113768.0,308941860.0,337979523.0,404655000.0,67170591.0,50366725.0,15098610.0,4184841.0,6822458.0,1333166.0,2300554.0,4924092.0,1803642.0,893377.0,1469810.0,3635296.0,963741.0,666322.0,254472.0
2023-10-01,105.4,100.4,102.9,104.3,100.4,101.65,102.0,0,0,1,0,123,182.69,209.6,146.81,175.4,3212.39,2607.69,918.84,637.6700000000001,325.86,234.08,252.85,188.56,293891281.0,523083606.0,75622546.0,158172267.0,6527401333.0,1591076647.0,385725562.0,310705787.0,360481904.0,79572294.0,58839703.0,17008005.0,4825544.0,7464987.0,1540832.0,2675493.0,6053227.0,1830396.0,1204567.0,1461397.0,3331104.0,1005853.0,697359.0,270355.0
2024-01-01,112.1,105.4,100.4,102.9,104.3,102.9,103.25000000000001,0,0,0,0,124,183.43,187.26,126.53,159.89,3744.44,2405.9700000000003,1030.91,576.88,328.3,231.79,240.39,190.0,309769016.0,478941328.0,72053555.0,139296490.0,8538653508.0,1277788636.0,253884376.0,226500538.0,332519573.0,73664004.0,46733335.0,18725045.0,5056811.0,7667239.0,1706463.0,2611404.0,6846943.0,1607767.0,747391.0,1174851.0,3044043.0,955443.0,583185.0,296732.0
2024-04-01,106.7,112.1,105.4,100.4,102.9,108.75,105.2,1,0,0,0,125,199.78,209.89,146.64,162.07,3416.3,2576.6,995.74,650.23,332.73,251.29,268.44,206.92,405784855.0,635331065.0,88198445.0,148723045.0,6357740591.0,1497900238.0,293886873.0,252255778.0,380350625.0,89434249.0,63380170.0,20517843.0,6067044.0,9063861.0,1805107.0,2752974.0,5580879.0,1745898.0,886105.0,1165947.0,3426005.0,1067929.0,710987.0,297003.0
2024-07-01,102.1,106.7,112.1,105.4,100.4,109.4,106.15,0,1,0,0,126,189.26,184.8,147.74,161.73000000000002,3296.82,2551.24,1044.34,767.51,352.77,244.09,269.71000000000004,199.24,377491661.0,628161911.0,94085214.0,151584626.0,5135622973.0,1799282227.0,335995401.0,389107961.0,507600113.0,99722954.0,73818449.0,20979585.0,5972977.0,10186611.0,1910160.0,2811226.0,4670004.0,2121147.0,952087.0,1518373.0,4314111.0,1225493.0,820043.0,317782.0
2024-10-01,108.1,102.1,106.7,112.1,105.4,104.4,106.575,0,0,1,0,127,193.34,226.83,128.0,169.15,3424.76,2544.59,939.06,796.29,324.67,252.56,224.84,207.43,420037723.0,837889881.0,93676849.0,220408619.0,6992954065.0,1782295953.0,413209284.0,393141884.0,453637145.0,116463353.0,66165622.0,26347666.0,6505684.0,11065976.0,2197483.0,3913197.0,6067430.0,2103517.0,1309547.0,1478404.0,4194705.0,1360724.0,885289.0,380420.0
2025-01-01,110.7,108.1,102.1,106.7,112.1,105.1,107.25,0,0,0,0,128,187.17,206.58,139.48000000000002,157.95,3935.74,2645.49,1054.89,691.6899999999999,349.3,262.37,268.36,175.21,406172380.0,710058362.0,93991569.0,191996793.0,8695684860.0,1527478004.0,292788071.0,261543712.0,424845893.0,118529987.0,66822659.0,20678863.0,6519511.0,10318902.0,2042763.0,3648860.0,6630770.0,1748026.0,834747.0,1124555.0,3641276.0,1359437.0,753235.0,357522.0
2025-04-01,106.8,110.7,108.1,102.1,106.7,109.4,106.9,1,0,0,0,129,188.55,217.71,137.5,161.25,3725.62,2889.96,925.19,737.7,335.47,264.3,269.57,188.8,483111977.0,725065211.0,93086707.0,187747756.0,6752991442.0,1842200226.0,339916955.0,278627515.0,483452649.0,116744129.0,63783663.0,20283350.0,7670065.0,9989317.0,2033686.0,3492589.0,5431474.0,1912157.0,1101276.0,1132750.0,4324825.0,1324234.0,709526.0,323781.0
2025-07-01,102.4,106.8,110.7,108.1,102.1,108.75,106.92499999999998,0,1,0,0,130,188.91,215.02,140.78,156.54,3406.4400000000005,2899.11,1023.52,767.76,365.24,269.34,291.77,195.04,491628061.0,829134995.0,106385919.0,167554211.0,5281684539.0,2144046217.0,385161394.0,354089954.0,565123258.0,132523864.0,82909606.0,21170645.0,7807131.0,11574262.0,2270849.0,3211948.0,4620440.0,2223521.0,1113598.0,1379395.0,4648978.0,1478501.0,852433.0,325804.0
