date,ivf_turistico_total,lag_1,lag_2,lag_3,lag_4,roll_mean_2,roll_mean_4,q2,q3,q4,covid,trend,gasto_medio__excursionistas_fronterizos__en_automoviles__entrada,gasto_medio__excursionistas_fronterizos__en_automoviles__salida,gasto_medio__excursionistas_fronterizos__peatones__entrada,gasto_medio__excursionistas_fronterizos__peatones__salida,gasto_medio__turistas_de_internacion__via_aerea__entrada,gasto_medio__turistas_de_internacion__via_aerea__salida,gasto_medio__turistas_de_internacion__via_terrestre__entrada,gasto_medio__turistas_de_internacion__via_terrestre__salida,gasto_medio__turistas_fronterizos__en_automoviles__entrada,gasto_medio__turistas_fronterizos__en_automoviles__salida,gasto_medio__turistas_fronterizos__peatones__entrada,gasto_medio__turistas_fronterizos__peatones__salida,gasto_total__excursionistas_fronterizos__en_automoviles__entrada,gasto_total__excursionistas_fronterizos__en_automoviles__salida,gasto_total__excursionistas_fronterizos__peatones__entrada,gasto_total__excursionistas_fronterizos__peatones__salida,gasto_total__turistas_de_internacion__via_aerea__entrada,gasto_total__turistas_de_internacion__via_aerea__salida,gasto_total__turistas_de_internacion__via_terrestre__entrada,gasto_total__turistas_de_internacion__via_terrestre__salida,gasto_total__turistas_fronterizos__en_automoviles__entrada,gasto_total__turistas_fronterizos__en_automoviles__salida,gasto_total__turistas_fronterizos__peatones__entrada,gasto_total__turistas_fronterizos__peatones__salida,num_visitantes__excursionistas_fronterizos__en_automoviles__entrada,num_visitantes__excursionistas_fronterizos__en_automoviles__salida,num_visitantes__excursionistas_fronterizos__peatones__entrada,num_visitantes__excursionistas_fronterizos__peatones__salida,num_visitantes__turistas_de_internacion__via_aerea__entrada,num_visitantes__turistas_de_internacion__via_aerea__salida,num_visitantes__turistas_de_internacion__via_terrestre__entrada,num_visitantes__turistas_de_internacion__via_terrestre__salida,num_visitantes__turistas_fronterizos__en_automoviles__entrada,num_visitantes__turistas_fronterizos__en_automoviles__salida,num_visitantes__turistas_fronterizos__peatones__entrada,num_visitantes__turistas_fronterizos__peatones__salida
1994-01-01,72.5,75.8,74.9,74.2,69.5,75.35,73.6,0,0,0,0,4,85.65509796142578,107.88883972167967,88.10096740722656,114.85498809814452,2670.142333984375,2516.875,1186.383056640625,524.0676879882812,187.040771484375,271.0597229003906,148.53848266601562,139.21339416503906,210960656.0,240611200.0,63806452.0,80399424.0,2917741568.0,1189769344.0,263317664.0,287533120.0,180620720.0,112125768.0,33548902.0,10192908.0,5536310.0,8229366.0,1708958.375,3660615.75,2897610.25,664509.1875,480592.4375,1150678.75,2753683.75,1162705.875,580220.4375,275342.4375
1994-04-01,78.1,72.5,75.8,74.9,74.2,74.15,74.35,1,0,0,0,5,85.65509796142578,107.88883972167967,88.10096740722656,89.3550033569336,2670.142333984375,2598.38916015625,934.015869140625,545.6259765625,187.040771484375,246.5775604248047,136.77931213378906,144.28048706054688,228886368.0,240611200.0,54471384.0,55573720.0,2917741568.0,1162336000.0,263317664.0,353192832.0,180620720.0,125523352.0,33548902.0,11464888.0,5536310.0,8229366.0,1708958.375,3660615.75,2897610.25,664509.1875,625828.875,1331158.0,2753683.75,1162705.875,573325.9375,275342.4375
1994-07-01,79.3,78.1,72.5,75.8,74.9,75.3,75.325,0,1,0,0,6,85.65509796142578,107.88883972167967,88.10096740722656,92.26712799072266,2670.142333984375,2551.052734375,852.1156616210938,545.6259765625,187.040771484375,273.3067626953125,138.78323364257812,142.9780731201172,235466784.0,240611200.0,49601132.0,57792904.0,2917741568.0,1184200320.0,263317664.0,323981920.0,180620720.0,131566648.0,33548902.0,11830487.0,5536310.0,8229366.0,1708958.375,3660615.75,2897610.25,664509.1875,628782.6875,1533881.625,2753683.75,1162705.875,607192.625,275342.4375
1994-10-01,79.4,79.3,78.1,72.5,75.8,78.69999999999999,76.425,0,0,1,0,7,85.65509796142578,107.88883972167967,88.10096740722656,114.85498809814452,2670.142333984375,2425.1650390625,862.4395751953125,530.955810546875,187.040771484375,272.6827087402344,149.2931671142578,136.93948364257812,225103472.0,240611200.0,46673568.0,82121768.0,2917741568.0,1280707840.0,263317664.0,284873120.0,180620720.0,109035608.0,33548902.0,12683284.0,5536310.0,8229366.0,1708958.375,3660615.75,2897610.25,664509.1875,912941.0,1200705.125,2753683.75,1162705.875,637946.0625,275342.4375
1995-01-01,71.4,79.4,79.3,78.1,72.5,79.35,77.325,0,0,0,0,8,85.65509796142578,107.88883972167967,88.10096740722656,89.3550033569336,2670.142333984375,2541.912841796875,1079.5399169921875,509.6743469238281,187.040771484375,271.0597229003906,148.53848266601562,139.21339416503906,188239600.0,240611200.0,59057484.0,56966688.0,2917741568.0,1189769344.0,263317664.0,353192832.0,180620720.0,112125768.0,33548902.0,15255034.0,5536310.0,8229366.0,1708958.375,3660615.75,2897610.25,664509.1875,761853.9375,1150678.75,2753683.75,1162705.875,602648.3125,275342.4375
1995-04-01,70.2,71.4,79.4,79.3,78.1,75.4,77.05,1,0,0,0,9,85.65509796142578,107.88883972167967,88.10096740722656,92.26712799072266,2670.142333984375,2566.25146484375,1227.31494140625,502.78619384765625,187.040771484375,246.5775604248047,136.77931213378906,144.28048706054688,166032224.0,240611200.0,63201356.0,82121768.0,2917741568.0,1162336000.0,263317664.0,383351136.0,180620720.0,125523352.0,33548902.0,15599576.0,5536310.0,8229366.0,1708958.375,3660615.75,2897610.25,664509.1875,1048644.0,1349707.75,2753683.75,1162705.875,580220.4375,275342.4375
1995-07-01,69.7,70.2,71.4,79.4,79.3,70.80000000000001,75.075,0,1,0,0,10,85.65509796142578,107.88883972167967,88.10096740722656,114.85498809814452,2670.142333984375,2596.77490234375,1047.62841796875,524.0676879882812,187.040771484375,273.3067626953125,138.78323364257812,142.9780731201172,190525344.0,240611200.0,66195344.0,63009664.0,2917741568.0,1184200320.0,263317664.0,289046080.0,180620720.0,131566648.0,33548902.0,15247865.0,5536310.0,8229366.0,1708958.375,3660615.75,2897610.25,664509.1875,801367.5625,1523386.5,2753683.75,1162705.875,573325.9375,275342.4375
1995-10-01,72.0,69.7,70.2,71.4,79.4,69.95,72.675,0,0,1,0,11,85.65509796142578,107.88883972167967,88.10096740722656,89.3550033569336,2670.142333984375,2521.8388671875,913.0993041992188,545.6259765625,187.040771484375,272.6827087402344,149.2931671142578,136.93948364257812,210960656.0,240611200.0,63806452.0,58789100.0,2917741568.0,1280707840.0,263317664.0,287533120.0,180620720.0,109035608.0,33548902.0,13989553.0,5536310.0,8229366.0,1708958.375,3660615.75,2897610.25,664509.1875,480592.4375,1188439.0,2753683.75,1162705.875,620449.625,275342.4375
1996-01-01,69.0,72.0,69.7,70.2,71.4,70.85,70.825,0,0,0,0,12,85.65509796142578,107.88883972167967,88.10096740722656,92.26712799072266,2670.142333984375,2523.91455078125,861.9093627929688,545.6259765625,187.040771484375,271.0597229003906,148.53848266601562,139.21339416503906,228886368.0,240611200.0,58336604.0,88647400.0,2917741568.0,1189769344.0,263317664.0,367873056.0,180620720.0,112125768.0,33548902.0,9917320.0,5536310.0,8229366.0,1708958.375,3660615.75,2897610.25,664509.1875,625828.875,1150678.75,2753683.75,1162705.875,637946.0625,275342.4375
1996-04-01,70.1,69.0,72.0,69.7,70.2,70.5,70.225,1,0,0,0,13,85.65509796142578,107.88883972167967,88.10096740722656,114.85498809814452,2670.142333984375,2510.69140625,928.6209106445312,530.955810546875,187.040771484375,246.5775604248047,136.77931213378906,144.28048706054688,235466784.0,240611200.0,51015276.0,57962884.0,2917741568.0,1162336000.0,263317664.0,305416160.0,180620720.0,125523352.0,33548902.0,9917320.0,5536310.0,8229366.0,1708958.375,3660615.75,2897610.25,664509.1875,628782.6875,1331158.0,2753683.75,1162705.875,602648.3125,275342.4375
1996-07-01,69.3,70.1,69.0,72.0,69.7,69.55,70.2,0,1,0,0,14,85.65509796142578,107.88883972167967,88.10096740722656,89.3550033569336,2670.142333984375,2571.240234375,1195.890380859375,509.6743469238281,187.040771484375,273.3067626953125,138.78323364257812,142.9780731201172,225103472.0,240611200.0,46673568.0,85598880.0,2917741568.0,1184200320.0,263317664.0,287533120.0,180620720.0,131566648.0,33548902.0,10192908.0,5536310.0,8229366.0,1708958.375,3660615.75,2897610.25,664509.1875,912941.0,1533881.625,2753683.75,1162705.875,580220.4375,275342.4375
1996-10-01,71.9,69.3,70.1,69.0,72.0,69.69999999999999,70.1,0,0,1,0,15,85.65509796142578,107.88883972167967,88.10096740722656,92.26712799072266,2670.142333984375,2542.135009765625,1171.6842041015625,502.78619384765625,187.040771484375,272.6827087402344,149.2931671142578,136.93948364257812,188239600.0,240611200.0,59057484.0,82305592.0,2917741568.0,1280707840.0,263317664.0,353192832.0,180620720.0,109035608.0,33548902.0,11464888.0,5536310.0,8229366.0,1708958.375,3660615.75,2897610.25,664509.1875,761853.9375,1200705.125,2753683.75,1162705.875,573325.9375,275342.4375
1997-01-01,71.8,71.9,69.3,70.1,69.0,70.6,70.075,0,0,0,0,16,85.65509796142578,107.88883972167967,88.10096740722656,114.85498809814452,2670.142333984375,2491.177001953125,1003.817626953125,524.0676879882812,187.040771484375,271.0597229003906,148.53848266601562,139.21339416503906,166032224.0,240611200.0,62861116.0,56966688.0,2917741568.0,1189769344.0,263317664.0,323981920.0,180620720.0,112125768.0,33548902.0,11830487.0,5536310.0,8229366.0,1708958.375,3660615.75,2897610.25,664509.1875,1048644.0,1150678.75,2753683.75,1162705.875,607192.625,275342.4375
1997-04-01,73.7,71.8,71.9,69.3,70.1,71.85,70.775,1,0,0,0,17,85.65509796142578,107.88883972167967,88.10096740722656,89.3550033569336,2670.142333984375,2536.7080078125,859.715087890625,545.6259765625,187.040771484375,246.5775604248047,136.77931213378906,144.28048706054688,190525344.0,240611200.0,66982356.0,80399424.0,2917741568.0,1162336000.0,263317664.0,284873120.0,180620720.0,125523352.0,33548902.0,12683284.0,5536310.0,8229366.0,1708958.375,3660615.75,2897610.25,664509.1875,801367.5625,1349707.75,2753683.75,1162705.875,637946.0625,275342.4375
1997-07-01,73.4,73.7,71.8,71.9,69.3,72.75,71.675,0,1,0,0,18,85.65509796142578,107.88883972167967,88.10096740722656,92.26712799072266,2670.142333984375,2543.127685546875,858.8207397460938,545.6259765625,187.040771484375,273.3067626953125,138.78323364257812,142.9780731201172,210960656.0,240611200.0,63806452.0,55573720.0,2917741568.0,1184200320.0,263317664.0,353192832.0,180620720.0,131566648.0,33548902.0,15255034.0,5536310.0,8229366.0,1708958.375,3660615.75,2897610.25,664509.1875,480592.4375,1523386.5,2753683.75,1162705.875,602648.3125,275342.4375
1997-10-01,74.7,73.4,73.7,71.8,71.9,73.55000000000001,72.7,0,0,1,0,19,85.65509796142578,107.88883972167967,88.10096740722656,114.85498809814452,2670.142333984375,2490.060302734375,961.3511962890624,530.955810546875,187.040771484375,272.6827087402344,149.2931671142578,136.93948364257812,228886368.0,240611200.0,54471384.0,57792904.0,2917741568.0,1280707840.0,263317664.0,383351136.0,180620720.0,109035608.0,33548902.0,15599576.0,5536310.0,8229366.0,1708958.375,3660615.75,2897610.25,664509.1875,625828.875,1188439.0,2753683.75,1162705.875,580220.4375,275342.4375
1998-01-01,74.5,74.7,73.4,73.7,71.8,74.05000000000001,73.4,0,0,0,0,20,85.65509796142578,107.88883972167967,88.10096740722656,89.3550033569336,2670.142333984375,2567.10205078125,1195.890380859375,509.6743469238281,187.040771484375,271.0597229003906,148.53848266601562,139.21339416503906,235466784.0,240611200.0,49601132.0,82121768.0,2917741568.0,1189769344.0,263317664.0,289046080.0,180620720.0,112125768.0,33548902.0,15247865.0,5536310.0,8229366.0,1708958.375,3660615.75,2897610.25,664509.1875,628782.6875,1150678.75,2753683.75,1162705.875,573325.9375,275342.4375
1998-04-01,75.9,74.5,74.7,73.4,73.7,74.6,74.075,1,0,0,0,21,85.65509796142578,107.88883972167967,88.10096740722656,92.26712799072266,2670.142333984375,2632.14892578125,1163.202880859375,502.78619384765625,187.040771484375,246.5775604248047,136.77931213378906,144.28048706054688,225103472.0,240611200.0,46673568.0,56966688.0,2917741568.0,1162336000.0,263317664.0,287533120.0,180620720.0,125523352.0,33548902.0,13989553.0,5536310.0,8229366.0,1708958.375,3660615.75,2897610.25,664509.1875,912941.0,1331158.0,2753683.75,1162705.875,620449.625,275342.4375
1998-07-01,77.1,75.9,74.5,74.7,73.4,75.2,74.625,0,1,0,0,22,85.65509796142578,107.88883972167967,88.10096740722656,114.85498809814452,2670.142333984375,2614.585205078125,970.0960083007812,524.0676879882812,187.040771484375,273.3067626953125,138.78323364257812,142.9780731201172,188239600.0,240611200.0,59057484.0,82121768.0,2917741568.0,1184200320.0,263317664.0,367873056.0,180620720.0,131566648.0,33548902.0,9917320.0,5536310.0,8229366.0,1708958.375,3660615.75,2897610.25,664509.1875,761853.9375,1533881.625,2753683.75,1162705.875,637946.0625,275342.4375
1998-10-01,77.3,77.1,75.9,74.5,74.7,76.5,75.55,0,0,1,0,23,85.65509796142578,107.88883972167967,88.10096740722656,89.3550033569336,2670.142333984375,2542.135009765625,859.715087890625,545.6259765625,187.040771484375,272.6827087402344,149.2931671142578,136.93948364257812,166032224.0,240611200.0,63201356.0,63009664.0,2917741568.0,1280707840.0,263317664.0,305416160.0,180620720.0,109035608.0,33548902.0,9917320.0,5536310.0,8229366.0,1708958.375,3660615.75,2897610.25,664509.1875,1048644.0,1200705.125,2753683.75,1162705.875,602648.3125,275342.4375
1999-01-01,77.6,77.3,77.1,75.9,74.5,77.19999999999999,76.2,0,0,0,0,24,85.65509796142578,107.88883972167967,88.10096740722656,92.26712799072266,2670.142333984375,2480.464599609375,820.0082397460938,545.6259765625,187.040771484375,271.0597229003906,148.53848266601562,139.21339416503906,190525344.0,240611200.0,66195344.0,58789100.0,2917741568.0,1189769344.0,263317664.0,287533120.0,180620720.0,112125768.0,33548902.0,10192908.0,5536310.0,8229366.0,1708958.375,3660615.75,2897610.25,664509.1875,801367.5625,1150678.75,2753683.75,1162705.875,580220.4375,275342.4375
1999-04-01,77.6,77.6,77.3,77.1,75.9,77.44999999999999,76.975,1,0,0,0,25,85.65509796142578,107.88883972167967,88.10096740722656,114.85498809814452,2670.142333984375,2533.4013671875,995.1929931640624,530.955810546875,187.040771484375,246.5775604248047,136.77931213378906,144.28048706054688,210960656.0,240611200.0,63806452.0,88647400.0,2917741568.0,1162336000.0,263317664.0,353192832.0,180620720.0,125523352.0,33548902.0,11464888.0,5536310.0,8229366.0,1708958.375,3660615.75,2897610.25,664509.1875,480592.4375,1349707.75,2753683.75,1162705.875,573325.9375,275342.4375
1999-07-01,77.9,77.6,77.6,77.3,77.1,77.6,77.39999999999999,0,1,0,0,26,85.65509796142578,107.88883972167967,88.10096740722656,89.3550033569336,2670.142333984375,2553.429931640625,1218.61767578125,509.6743469238281,187.040771484375,273.3067626953125,138.78323364257812,142.9780731201172,228886368.0,240611200.0,58336604.0,57962884.0,2917741568.0,1184200320.0,263317664.0,323981920.0,180620720.0,131566648.0,33548902.0,11830487.0,5536310.0,8229366.0,1708958.375,3660615.75,2897610.25,664509.1875,625828.875,1523386.5,2753683.75,1162705.875,607192.625,275342.4375
1999-10-01,77.3,77.9,77.6,77.6,77.3,77.75,77.6,0,0,1,0,27,85.65509796142578,107.88883972167967,88.10096740722656,92.26712799072266,2670.142333984375,2536.7080078125,1176.1337890625,502.78619384765625,187.040771484375,272.6827087402344,149.2931671142578,136.93948364257812,235466784.0,240611200.0,51015276.0,85598880.0,2917741568.0,1280707840.0,263317664.0,284873120.0,180620720.0,109035608.0,33548902.0,12683284.0,5536310.0,8229366.0,1708958.375,3660615.75,2897610.25,664509.1875,628782.6875,1188439.0,2753683.75,1162705.875,637946.0625,275342.4375
2000-01-01,80.4,77.3,77.9,77.6,77.6,77.6,77.6,0,0,0,0,28,85.65509796142578,107.88883972167967,88.10096740722656,114.85498809814452,2670.142333984375,2511.96533203125,953.6548461914062,524.0676879882812,187.040771484375,271.0597229003906,148.53848266601562,139.21339416503906,225103472.0,240611200.0,46673568.0,82305592.0,2917741568.0,1189769344.0,263317664.0,353192832.0,180620720.0,112125768.0,33548902.0,15255034.0,5536310.0,8229366.0,1708958.375,3660615.75,2897610.25,664509.1875,912941.0,1150678.75,2753683.75,1162705.875,602648.3125,275342.4375
2000-04-01,82.4,80.4,77.3,77.9,77.6,78.85,78.3,1,0,0,0,29,85.65509796142578,107.88883972167967,88.10096740722656,89.3550033569336,2670.142333984375,2490.060302734375,859.715087890625,545.6259765625,187.040771484375,246.5775604248047,136.77931213378906,144.28048706054688,188239600.0,240611200.0,59057484.0,56966688.0,2917741568.0,1162336000.0,263317664.0,383351136.0,180620720.0,125523352.0,33548902.0,15599576.0,5536310.0,8229366.0,1708958.375,3660615.75,2897610.25,664509.1875,761853.9375,1331158.0,2753683.75,1162705.875,580220.4375,275342.4375
2000-07-01,81.2,82.4,80.4,77.3,77.9,81.4,79.5,0,1,0,0,30,85.65509796142578,107.88883972167967,88.10096740722656,92.26712799072266,2670.142333984375,2492.84814453125,822.2319946289062,545.6259765625,187.040771484375,273.3067626953125,138.78323364257812,142.9780731201172,166032224.0,240611200.0,62861116.0,80399424.0,2917741568.0,1184200320.0,263317664.0,289046080.0,180620720.0,131566648.0,33548902.0,15247865.0,5536310.0,8229366.0,1708958.375,3660615.75,2897610.25,664509.1875,1048644.0,1533881.625,2753683.75,1162705.875,573325.9375,275342.4375
2000-10-01,81.1,81.2,82.4,80.4,77.3,81.80000000000001,80.325,0,0,1,0,31,85.65509796142578,107.88883972167967,88.10096740722656,114.85498809814452,2670.142333984375,2588.6806640625,998.146240234375,530.955810546875,187.040771484375,272.6827087402344,149.2931671142578,136.93948364257812,190525344.0,240611200.0,66982356.0,55573720.0,2917741568.0,1280707840.0,263317664.0,287533120.0,180620720.0,109035608.0,33548902.0,13989553.0,5536310.0,8229366.0,1708958.375,3660615.75,2897610.25,664509.1875,801367.5625,1200705.125,2753683.75,1162705.875,620449.625,275342.4375
2001-01-01,83.6,81.1,81.2,82.4,80.4,81.15,81.275,0,0,0,0,32,85.65509796142578,107.88883972167967,88.10096740722656,89.3550033569336,2670.142333984375,2635.7783203125,1224.297607421875,509.6743469238281,187.040771484375,271.0597229003906,148.53848266601562,139.21339416503906,210960656.0,240611200.0,63806452.0,57792904.0,2917741568.0,1189769344.0,263317664.0,367873056.0,180620720.0,112125768.0,33548902.0,9917320.0,5536310.0,8229366.0,1708958.375,3660615.75,2897610.25,664509.1875,480592.4375,1150678.75,2753683.75,1162705.875,637946.0625,275342.4375
2001-04-01,83.0,83.6,81.1,81.2,82.4,82.35,82.075,1,0,0,0,33,85.65509796142578,107.88883972167967,88.10096740722656,92.26712799072266,2670.142333984375,2541.912841796875,1186.383056640625,502.78619384765625,187.040771484375,246.5775604248047,136.77931213378906,144.28048706054688,228886368.0,240611200.0,54471384.0,82121768.0,2917741568.0,1162336000.0,263317664.0,305416160.0,180620720.0,125523352.0,33548902.0,9917320.0,5536310.0,8229366.0,1708958.375,3660615.75,2897610.25,664509.1875,625828.875,1349707.75,2753683.75,1162705.875,602648.3125,275342.4375
2001-07-01,80.1,83.0,83.6,81.1,81.2,83.3,82.225,0,1,0,0,34,85.65509796142578,107.88883972167967,88.10096740722656,114.85498809814452,2670.142333984375,2516.875,934.015869140625,524.0676879882812,187.040771484375,273.3067626953125,138.78323364257812,142.9780731201172,235466784.0,240611200.0,49601132.0,56966688.0,2917741568.0,1184200320.0,263317664.0,287533120.0,180620720.0,131566648.0,33548902.0,10192908.0,5536310.0,8229366.0,1708958.375,3660615.75,2897610.25,664509.1875,628782.6875,1523386.5,2753683.75,1162705.875,580220.4375,275342.4375
2001-10-01,79.0,80.1,83.0,83.6,81.1,81.55,81.94999999999999,0,0,1,0,35,85.65509796142578,107.88883972167967,88.10096740722656,89.3550033569336,2670.142333984375,2598.38916015625,852.1156616210938,545.6259765625,187.040771484375,272.6827087402344,149.2931671142578,136.93948364257812,225103472.0,240611200.0,46673568.0,82121768.0,2917741568.0,1280707840.0,263317664.0,353192832.0,180620720.0,109035608.0,33548902.0,11464888.0,5536310.0,8229366.0,1708958.375,3660615.75,2897610.25,664509.1875,912941.0,1188439.0,2753683.75,1162705.875,573325.9375,275342.4375
2002-01-01,79.8,79.0,80.1,83.0,83.6,79.55,81.425,0,0,0,0,36,85.65509796142578,107.88883972167967,88.10096740722656,92.26712799072266,2670.142333984375,2551.052734375,862.4395751953125,545.6259765625,187.040771484375,271.0597229003906,148.53848266601562,139.21339416503906,188239600.0,240611200.0,59057484.0,63009664.0,2917741568.0,1189769344.0,263317664.0,323981920.0,180620720.0,112125768.0,33548902.0,11830487.0,5536310.0,8229366.0,1708958.375,3660615.75,2897610.25,664509.1875,761853.9375,1150678.75,2753683.75,1162705.875,607192.625,275342.4375
2002-04-01,81.8,79.8,79.0,80.1,83.0,79.4,80.475,1,0,0,0,37,85.65509796142578,107.88883972167967,88.10096740722656,114.85498809814452,2670.142333984375,2425.1650390625,1079.5399169921875,530.955810546875,187.040771484375,246.5775604248047,136.77931213378906,144.28048706054688,166032224.0,240611200.0,63201356.0,58789100.0,2917741568.0,1162336000.0,263317664.0,284873120.0,180620720.0,125523352.0,33548902.0,12683284.0,5536310.0,8229366.0,1708958.375,3660615.75,2897610.25,664509.1875,1048644.0,1331158.0,2753683.75,1162705.875,637946.0625,275342.4375
2002-07-01,79.9,81.8,79.8,79.0,80.1,80.8,80.175,0,1,0,0,38,85.65509796142578,107.88883972167967,88.10096740722656,89.3550033569336,2670.142333984375,2541.912841796875,1227.31494140625,509.6743469238281,187.040771484375,273.3067626953125,138.78323364257812,142.9780731201172,190525344.0,240611200.0,66195344.0,88647400.0,2917741568.0,1184200320.0,263317664.0,353192832.0,180620720.0,131566648.0,33548902.0,15255034.0,5536310.0,8229366.0,1708958.375,3660615.75,2897610.25,664509.1875,801367.5625,1533881.625,2753683.75,1162705.875,602648.3125,275342.4375
2002-10-01,80.7,79.9,81.8,79.8,79.0,80.85,80.125,0,0,1,0,39,85.65509796142578,107.88883972167967,88.10096740722656,92.26712799072266,2670.142333984375,2566.25146484375,1047.62841796875,502.78619384765625,187.040771484375,272.6827087402344,149.2931671142578,136.93948364257812,210960656.0,240611200.0,63806452.0,57962884.0,2917741568.0,1280707840.0,263317664.0,383351136.0,180620720.0,109035608.0,33548902.0,15599576.0,5536310.0,8229366.0,1708958.375,3660615.75,2897610.25,664509.1875,480592.4375,1200705.125,2753683.75,1162705.875,580220.4375,275342.4375
2003-01-01,82.8,80.7,79.9,81.8,79.8,80.30000000000001,80.55,0,0,0,0,40,85.65509796142578,107.88883972167967,88.10096740722656,114.85498809814452,2670.142333984375,2596.77490234375,913.0993041992188,524.0676879882812,187.040771484375,271.0597229003906,148.53848266601562,139.21339416503906,228886368.0,240611200.0,58336604.0,85598880.0,2917741568.0,1189769344.0,263317664.0,289046080.0,180620720.0,112125768.0,33548902.0,15247865.0,5536310.0,8229366.0,1708958.375,3660615.75,2897610.25,664509.1875,625828.875,1150678.75,2753683.75,1162705.875,573325.9375,275342.4375
2003-04-01,82.5,82.8,80.7,79.9,81.8,81.75,81.3,1,0,0,0,41,85.65509796142578,107.88883972167967,88.10096740722656,89.3550033569336,2670.142333984375,2521.8388671875,861.9093627929688,545.6259765625,187.040771484375,246.5775604248047,136.77931213378906,144.28048706054688,235466784.0,240611200.0,51015276.0,82305592.0,2917741568.0,1162336000.0,263317664.0,287533120.0,180620720.0,125523352.0,33548902.0,13989553.0,5536310.0,8229366.0,1708958.375,3660615.75,2897610.25,664509.1875,628782.6875,1349707.75,2753683.75,1162705.875,620449.625,275342.4375
2003-07-01,79.6,82.5,82.8,80.7,79.9,82.65,81.475,0,1,0,0,42,85.65509796142578,107.88883972167967,88.10096740722656,92.26712799072266,2670.142333984375,2523.91455078125,928.6209106445312,545.6259765625,187.040771484375,273.3067626953125,138.78323364257812,142.9780731201172,225103472.0,240611200.0,46673568.0,56966688.0,2917741568.0,1184200320.0,263317664.0,367873056.0,180620720.0,131566648.0,33548902.0,9917320.0,5536310.0,8229366.0,1708958.375,3660615.75,2897610.25,664509.1875,912941.0,1523386.5,2753683.75,1162705.875,637946.0625,275342.4375
2003-10-01,81.4,79.6,82.5,82.8,80.7,81.05,81.4,0,0,1,0,43,85.65509796142578,107.88883972167967,88.10096740722656,114.85498809814452,2670.142333984375,2510.69140625,1195.890380859375,530.955810546875,187.040771484375,272.6827087402344,149.2931671142578,136.93948364257812,188239600.0,240611200.0,59057484.0,80399424.0,2917741568.0,1280707840.0,263317664.0,305416160.0,180620720.0,109035608.0,33548902.0,9917320.0,5536310.0,8229366.0,1708958.375,3660615.75,2897610.25,664509.1875,761853.9375,1188439.0,2753683.75,1162705.875,602648.3125,275342.4375
2004-01-01,85.0,81.4,79.6,82.5,82.8,80.5,81.575,0,0,0,0,44,85.65509796142578,107.88883972167967,88.10096740722656,89.3550033569336,2670.142333984375,2571.240234375,1171.6842041015625,509.6743469238281,187.040771484375,271.0597229003906,148.53848266601562,139.21339416503906,166032224.0,240611200.0,62861116.0,55573720.0,2917741568.0,1189769344.0,263317664.0,287533120.0,180620720.0,112125768.0,33548902.0,10192908.0,5536310.0,8229366.0,1708958.375,3660615.75,2897610.25,664509.1875,1048644.0,1150678.75,2753683.75,1162705.875,580220.4375,275342.4375
2004-04-01,86.4,85.0,81.4,79.6,82.5,83.2,82.125,1,0,0,0,45,85.65509796142578,107.88883972167967,88.10096740722656,92.26712799072266,2670.142333984375,2542.135009765625,1008.1959838867188,502.78619384765625,187.040771484375,246.5775604248047,136.77931213378906,144.28048706054688,190525344.0,240611200.0,66982356.0,57792904.0,2917741568.0,1162336000.0,263317664.0,353192832.0,180620720.0,125523352.0,33548902.0,11464888.0,5536310.0,8229366.0,1708958.375,3660615.75,2897610.25,664509.1875,801367.5625,1331158.0,2753683.75,1162705.875,573325.9375,275342.4375
2004-07-01,83.7,86.4,85.0,81.4,79.6,85.7,83.1,0,1,0,0,46,85.65509796142578,107.88883972167967,88.10096740722656,114.85498809814452,2670.142333984375,2491.177001953125,859.715087890625,524.0676879882812,187.040771484375,273.3067626953125,138.78323364257812,142.9780731201172,210960656.0,240611200.0,63806452.0,82121768.0,2917741568.0,1184200320.0,263317664.0,323981920.0,180620720.0,131566648.0,33548902.0,11830487.0,5536310.0,8229366.0,1708958.375,3660615.75,2897610.25,664509.1875,480592.4375,1533881.625,2753683.75,1162705.875,607192.625,275342.4375
2004-10-01,86.4,83.7,86.4,85.0,81.4,85.05000000000001,84.125,0,0,1,0,47,85.65509796142578,107.88883972167967,88.10096740722656,89.3550033569336,2670.142333984375,2536.7080078125,849.0236206054688,545.6259765625,187.040771484375,272.6827087402344,149.2931671142578,136.93948364257812,228886368.0,240611200.0,54471384.0,56966688.0,2917741568.0,1280707840.0,263317664.0,284873120.0,180620720.0,109035608.0,33548902.0,12683284.0,5536310.0,8229366.0,1708958.375,3660615.75,2897610.25,664509.1875,625828.875,1200705.125,2753683.75,1162705.875,637946.0625,275342.4375
2005-01-01,88.4,86.4,83.7,86.4,85.0,85.05000000000001,85.375,0,0,0,0,48,85.65509796142578,107.88883972167967,88.10096740722656,92.26712799072266,2670.142333984375,2543.127685546875,961.3511962890624,545.6259765625,187.040771484375,271.0597229003906,148.53848266601562,139.21339416503906,235466784.0,240611200.0,49601132.0,82121768.0,2917741568.0,1189769344.0,263317664.0,353192832.0,180620720.0,112125768.0,33548902.0,15255034.0,5536310.0,8229366.0,1708958.375,3660615.75,2897610.25,664509.1875,628782.6875,1150678.75,2753683.75,1162705.875,602648.3125,275342.4375
2005-04-01,87.4,88.4,86.4,83.7,86.4,87.4,86.22500000000001,1,0,0,0,49,85.65509796142578,107.88883972167967,88.10096740722656,114.85498809814452,2670.142333984375,2490.060302734375,1195.890380859375,530.955810546875,187.040771484375,246.5775604248047,136.77931213378906,144.28048706054688,225103472.0,240611200.0,46673568.0,63009664.0,2917741568.0,1162336000.0,263317664.0,383351136.0,180620720.0,125523352.0,33548902.0,15599576.0,5536310.0,8229366.0,1708958.375,3660615.75,2897610.25,664509.1875,912941.0,1349707.75,2753683.75,1162705.875,580220.4375,275342.4375
2005-07-01,84.0,87.4,88.4,86.4,83.7,87.9,86.475,0,1,0,0,50,85.65509796142578,107.88883972167967,88.10096740722656,89.3550033569336,2670.142333984375,2567.10205078125,1163.202880859375,509.6743469238281,187.040771484375,273.3067626953125,138.78323364257812,142.9780731201172,188239600.0,240611200.0,59057484.0,58789100.0,2917741568.0,1184200320.0,263317664.0,289046080.0,180620720.0,131566648.0,33548902.0,15247865.0,5536310.0,8229366.0,1708958.375,3660615.75,2897610.25,664509.1875,761853.9375,1523386.5,2753683.75,1162705.875,573325.9375,275342.4375
2005-10-01,84.7,84.0,87.4,88.4,86.4,85.7,86.55,0,0,1,0,51,85.65509796142578,107.88883972167967,88.10096740722656,92.26712799072266,2670.142333984375,2632.14892578125,986.4935913085938,502.78619384765625,187.040771484375,272.6827087402344,149.2931671142578,136.93948364257812,166032224.0,240611200.0,63201356.0,88647400.0,2917741568.0,1280707840.0,263317664.0,287533120.0,180620720.0,109035608.0,33548902.0,13989553.0,5536310.0,8229366.0,1708958.375,3660615.75,2897610.25,664509.1875,1048644.0,1188439.0,2753683.75,1162705.875,620449.625,275342.4375
2006-01-01,87.6,84.7,84.0,87.4,88.4,84.35,86.125,0,0,0,0,52,85.65509796142578,107.88883972167967,88.10096740722656,114.85498809814452,2670.142333984375,2614.585205078125,859.715087890625,524.0676879882812,187.040771484375,271.0597229003906,148.53848266601562,139.21339416503906,190525344.0,240611200.0,66195344.0,57962884.0,2917741568.0,1189769344.0,263317664.0,367873056.0,180620720.0,112125768.0,33548902.0,9917320.0,5536310.0,8229366.0,1708958.375,3660615.75,2897610.25,664509.1875,801367.5625,1150678.75,2753683.75,1162705.875,637946.0625,275342.4375
2006-04-01,89.7,87.6,84.7,84.0,87.4,86.15,85.925,1,0,0,0,53,85.65509796142578,107.88883972167967,88.10096740722656,89.3550033569336,2670.142333984375,2542.135009765625,795.9937744140625,545.6259765625,187.040771484375,246.5775604248047,136.77931213378906,144.28048706054688,210960656.0,240611200.0,63806452.0,85598880.0,2917741568.0,1162336000.0,263317664.0,305416160.0,180620720.0,125523352.0,33548902.0,9917320.0,5536310.0,8229366.0,1708958.375,3660615.75,2897610.25,664509.1875,480592.4375,1331158.0,2753683.75,1162705.875,602648.3125,275342.4375
2006-07-01,86.4,89.7,87.6,84.7,84.0,88.65,86.5,0,1,0,0,54,85.65509796142578,107.88883972167967,88.10096740722656,92.26712799072266,2670.142333984375,2480.464599609375,998.146240234375,545.6259765625,187.040771484375,273.3067626953125,138.78323364257812,142.9780731201172,228886368.0,240611200.0,58336604.0,82305592.0,2917741568.0,1184200320.0,263317664.0,287533120.0,180620720.0,131566648.0,33548902.0,10192908.0,5536310.0,8229366.0,1708958.375,3660615.75,2897610.25,664509.1875,625828.875,1533881.625,2753683.75,1162705.875,580220.4375,275342.4375
2006-10-01,89.9,86.4,89.7,87.6,84.7,88.05000000000001,87.10000000000001,0,0,1,0,55,85.65509796142578,107.88883972167967,88.10096740722656,114.85498809814452,2670.142333984375,2533.4013671875,1224.297607421875,530.955810546875,187.040771484375,272.6827087402344,149.2931671142578,136.93948364257812,235466784.0,240611200.0,51015276.0,56966688.0,2917741568.0,1280707840.0,263317664.0,353192832.0,180620720.0,109035608.0,33548902.0,11464888.0,5536310.0,8229366.0,1708958.375,3660615.75,2897610.25,664509.1875,628782.6875,1200705.125,2753683.75,1162705.875,573325.9375,275342.4375
2007-01-01,93.3,89.9,86.4,89.7,87.6,88.15,88.4,0,0,0,0,56,85.65509796142578,107.88883972167967,88.10096740722656,89.3550033569336,2670.142333984375,2553.429931640625,1170.309326171875,509.6743469238281,187.040771484375,271.0597229003906,148.53848266601562,139.21339416503906,225103472.0,240611200.0,46673568.0,80399424.0,2917741568.0,1189769344.0,263317664.0,323981920.0,180620720.0,112125768.0,33548902.0,11830487.0,5536310.0,8229366.0,1708958.375,3660615.75,2897610.25,664509.1875,912941.0,1150678.75,2753683.75,1162705.875,607192.625,275342.4375
2007-04-01,92.1,93.3,89.9,86.4,89.7,91.6,89.825,1,0,0,0,57,85.65509796142578,107.88883972167967,88.10096740722656,92.26712799072266,2670.142333984375,2536.7080078125,948.1913452148438,502.78619384765625,187.040771484375,246.5775604248047,136.77931213378906,144.28048706054688,188239600.0,240611200.0,59057484.0,55573720.0,2917741568.0,1162336000.0,263317664.0,284873120.0,180620720.0,125523352.0,33548902.0,12683284.0,5536310.0,8229366.0,1708958.375,3660615.75,2897610.25,664509.1875,761853.9375,1349707.75,2753683.75,1162705.875,637946.0625,275342.4375
2007-07-01,88.5,92.1,93.3,89.9,86.4,92.69999999999999,90.42500000000001,0,1,0,0,58,85.65509796142578,107.88883972167967,88.10096740722656,114.85498809814452,2670.142333984375,2511.96533203125,891.5821533203125,524.0676879882812,187.040771484375,273.3067626953125,138.78323364257812,142.9780731201172,166032224.0,240611200.0,62861116.0,57792904.0,2917741568.0,1184200320.0,263317664.0,353192832.0,180620720.0,131566648.0,33548902.0,15255034.0,5536310.0,8229366.0,1708958.375,3660615.75,2897610.25,664509.1875,1048644.0,1523386.5,2753683.75,1162705.875,602648.3125,275342.4375
2007-10-01,90.5,88.5,92.1,93.3,89.9,90.3,90.94999999999999,0,0,1,0,59,85.65509796142578,107.88883972167967,88.10096740722656,89.3550033569336,2670.142333984375,2490.060302734375,889.5562744140625,545.6259765625,187.040771484375,272.6827087402344,149.2931671142578,136.93948364257812,190525344.0,240611200.0,66982356.0,82121768.0,2917741568.0,1280707840.0,263317664.0,383351136.0,180620720.0,109035608.0,33548902.0,15599576.0,5536310.0,8229366.0,1708958.375,3660615.75,2897610.25,664509.1875,801367.5625,1188439.0,2753683.75,1162705.875,580220.4375,275342.4375
2008-01-01,94.2,90.5,88.5,92.1,93.3,89.5,91.1,0,0,0,0,60,85.65509796142578,107.88883972167967,88.10096740722656,92.26712799072266,2670.142333984375,2492.84814453125,1024.2598876953125,545.6259765625,187.040771484375,271.0597229003906,148.53848266601562,139.21339416503906,210960656.0,240611200.0,63806452.0,56966688.0,2917741568.0,1189769344.0,263317664.0,289046080.0,180620720.0,112125768.0,33548902.0,15247865.0,5536310.0,8229366.0,1708958.375,3660615.75,2897610.25,664509.1875,480592.4375,1150678.75,2753683.75,1162705.875,573325.9375,275342.4375
2008-04-01,92.5,94.2,90.5,88.5,92.1,92.35,91.325,1,0,0,0,61,85.65509796142578,107.88883972167967,88.10096740722656,114.85498809814452,2670.142333984375,2588.6806640625,1183.3883056640625,530.955810546875,187.040771484375,246.5775604248047,136.77931213378906,144.28048706054688,228886368.0,240611200.0,54471384.0,82121768.0,2917741568.0,1162336000.0,263317664.0,287533120.0,180620720.0,125523352.0,33548902.0,13989553.0,5536310.0,8229366.0,1708958.375,3660615.75,2897610.25,664509.1875,625828.875,1331158.0,2753683.75,1162705.875,620449.625,275342.4375
2008-07-01,87.8,92.5,94.2,90.5,88.5,93.35,91.42500000000001,0,1,0,0,62,85.65509796142578,107.88883972167967,88.10096740722656,89.3550033569336,2670.142333984375,2635.7783203125,1008.4078979492188,509.6743469238281,187.040771484375,273.3067626953125,138.78323364257812,142.9780731201172,235466784.0,240611200.0,49601132.0,63009664.0,2917741568.0,1184200320.0,263317664.0,367873056.0,180620720.0,131566648.0,33548902.0,9917320.0,5536310.0,8229366.0,1708958.375,3660615.75,2897610.25,664509.1875,628782.6875,1533881.625,2753683.75,1162705.875,637946.0625,275342.4375
2008-10-01,92.5,87.8,92.5,94.2,90.5,90.15,91.25,0,0,1,0,63,85.65509796142578,107.88883972167967,88.10096740722656,92.26712799072266,2670.142333984375,2541.912841796875,943.5615234375,502.78619384765625,187.040771484375,272.6827087402344,149.2931671142578,136.93948364257812,225103472.0,240611200.0,46673568.0,58789100.0,2917741568.0,1280707840.0,263317664.0,305416160.0,180620720.0,109035608.0,33548902.0,9917320.0,5536310.0,8229366.0,1708958.375,3660615.75,2897610.25,664509.1875,912941.0,1200705.125,2753683.75,1162705.875,602648.3125,275342.4375
2009-01-01,93.0,92.5,87.8,92.5,94.2,90.15,91.75,0,0,0,0,64,85.65509796142578,107.88883972167967,88.10096740722656,114.85498809814452,2670.142333984375,2516.875,826.1903076171875,524.0676879882812,187.040771484375,271.0597229003906,148.53848266601562,139.21339416503906,188239600.0,240611200.0,59057484.0,88647400.0,2917741568.0,1189769344.0,263317664.0,287533120.0,180620720.0,112125768.0,33548902.0,10192908.0,5536310.0,8229366.0,1708958.375,3660615.75,2897610.25,664509.1875,761853.9375,1150678.75,2753683.75,1162705.875,580220.4375,275342.4375
2009-04-01,84.6,93.0,92.5,87.8,92.5,92.75,91.44999999999999,1,0,0,0,65,85.65509796142578,107.88883972167967,88.10096740722656,89.3550033569336,2670.142333984375,2598.38916015625,1003.7322998046876,545.6259765625,187.040771484375,246.5775604248047,136.77931213378906,144.28048706054688,166032224.0,240611200.0,63201356.0,57962884.0,2917741568.0,1162336000.0,263317664.0,353192832.0,180620720.0,125523352.0,33548902.0,11464888.0,5536310.0,8229366.0,1708958.375,3660615.75,2897610.25,664509.1875,1048644.0,1349707.75,2753683.75,1162705.875,573325.9375,275342.4375
2009-07-01,86.6,84.6,93.0,92.5,87.8,88.8,89.475,0,1,0,0,66,85.65509796142578,107.88883972167967,88.10096740722656,92.26712799072266,2670.142333984375,2551.052734375,1129.9227294921875,545.6259765625,187.040771484375,273.3067626953125,138.78323364257812,142.9780731201172,190525344.0,240611200.0,66195344.0,85598880.0,2917741568.0,1184200320.0,263317664.0,323981920.0,180620720.0,131566648.0,33548902.0,11830487.0,5536310.0,8229366.0,1708958.375,3660615.75,2897610.25,664509.1875,801367.5625,1523386.5,2753683.75,1162705.875,607192.625,275342.4375
2009-10-01,89.1,86.6,84.6,93.0,92.5,85.6,89.17500000000001,0,0,1,0,67,85.65509796142578,107.88883972167967,88.10096740722656,114.85498809814452,2670.142333984375,2425.1650390625,1025.73193359375,530.955810546875,187.040771484375,272.6827087402344,149.2931671142578,136.93948364257812,210960656.0,240611200.0,63806452.0,82305592.0,2917741568.0,1280707840.0,263317664.0,284873120.0,180620720.0,109035608.0,33548902.0,12683284.0,5536310.0,8229366.0,1708958.375,3660615.75,2897610.25,664509.1875,480592.4375,1188439.0,2753683.75,1162705.875,637946.0625,275342.4375
2010-01-01,91.8,89.1,86.6,84.6,93.0,87.85,88.325,0,0,0,0,68,85.65509796142578,107.88883972167967,88.10096740722656,89.3550033569336,2670.142333984375,2541.912841796875,956.3084716796876,509.6743469238281,187.040771484375,271.0597229003906,148.53848266601562,139.21339416503906,228886368.0,240611200.0,58336604.0,56966688.0,2917741568.0,1189769344.0,263317664.0,353192832.0,180620720.0,112125768.0,33548902.0,15255034.0,5536310.0,8229366.0,1708958.375,3660615.75,2897610.25,664509.1875,625828.875,1150678.75,2753683.75,1162705.875,602648.3125,275342.4375
2010-04-01,88.4,91.8,89.1,86.6,84.6,90.44999999999999,88.02499999999999,1,0,0,0,69,85.65509796142578,107.88883972167967,88.10096740722656,92.26712799072266,2670.142333984375,2566.25146484375,907.6492919921876,502.78619384765625,187.040771484375,246.5775604248047,136.77931213378906,144.28048706054688,235466784.0,240611200.0,51015276.0,80399424.0,2917741568.0,1162336000.0,263317664.0,383351136.0,180620720.0,125523352.0,33548902.0,15599576.0,5536310.0,8229366.0,1708958.375,3660615.75,2897610.25,664509.1875,628782.6875,1331158.0,2753683.75,1162705.875,580220.4375,275342.4375
2010-07-01,86.6,88.4,91.8,89.1,86.6,90.1,88.975,0,1,0,0,70,85.65509796142578,107.88883972167967,88.10096740722656,114.85498809814452,2670.142333984375,2596.77490234375,974.6045532226562,524.0676879882812,187.040771484375,273.3067626953125,138.78323364257812,142.9780731201172,225103472.0,240611200.0,46673568.0,55573720.0,2917741568.0,1184200320.0,263317664.0,289046080.0,180620720.0,131566648.0,33548902.0,15247865.0,5536310.0,8229366.0,1708958.375,3660615.75,2897610.25,664509.1875,912941.0,1533881.625,2753683.75,1162705.875,573325.9375,275342.4375
2010-10-01,86.7,86.6,88.4,91.8,89.1,87.5,88.975,0,0,1,0,71,85.65509796142578,107.88883972167967,88.10096740722656,89.3550033569336,2670.142333984375,2521.8388671875,1109.51513671875,545.6259765625,187.040771484375,272.6827087402344,149.2931671142578,136.93948364257812,188239600.0,240611200.0,59057484.0,57792904.0,2917741568.0,1280707840.0,263317664.0,287533120.0,180620720.0,109035608.0,33548902.0,13989553.0,5536310.0,8229366.0,1708958.375,3660615.75,2897610.25,664509.1875,761853.9375,1200705.125,2753683.75,1162705.875,620449.625,275342.4375
2011-01-01,88.5,86.7,86.6,88.4,91.8,86.65,88.375,0,0,0,0,72,85.65509796142578,107.88883972167967,88.10096740722656,92.26712799072266,2670.142333984375,2523.91455078125,1036.8807373046875,545.6259765625,187.040771484375,271.0597229003906,148.53848266601562,139.21339416503906,166032224.0,240611200.0,62861116.0,82121768.0,2917741568.0,1189769344.0,263317664.0,367873056.0,180620720.0,112125768.0,33548902.0,9917320.0,5536310.0,8229366.0,1708958.375,3660615.75,2897610.25,664509.1875,1048644.0,1150678.75,2753683.75,1162705.875,637946.0625,275342.4375
2011-04-01,88.5,88.5,86.7,86.6,88.4,87.6,87.55,1,0,0,0,73,85.65509796142578,107.88883972167967,88.10096740722656,114.85498809814452,2670.142333984375,2510.69140625,1008.4078979492188,530.955810546875,187.040771484375,246.5775604248047,136.77931213378906,144.28048706054688,190525344.0,240611200.0,66982356.0,56966688.0,2917741568.0,1162336000.0,263317664.0,305416160.0,180620720.0,125523352.0,33548902.0,9917320.0,5536310.0,8229366.0,1708958.375,3660615.75,2897610.25,664509.1875,801367.5625,1349707.75,2753683.75,1162705.875,602648.3125,275342.4375
2011-07-01,88.6,88.5,88.5,86.7,86.6,88.5,87.575,0,1,0,0,74,85.65509796142578,107.88883972167967,88.10096740722656,89.3550033569336,2670.142333984375,2571.240234375,916.5064086914062,509.6743469238281,187.040771484375,273.3067626953125,138.78323364257812,142.9780731201172,210960656.0,240611200.0,63806452.0,82121768.0,2917741568.0,1184200320.0,263317664.0,287533120.0,180620720.0,131566648.0,33548902.0,10192908.0,5536310.0,8229366.0,1708958.375,3660615.75,2897610.25,664509.1875,480592.4375,1523386.5,2753683.75,1162705.875,580220.4375,275342.4375
2011-10-01,93.1,88.6,88.5,88.5,86.7,88.55,88.07499999999999,0,0,1,0,75,85.65509796142578,107.88883972167967,88.10096740722656,92.26712799072266,2670.142333984375,2542.135009765625,946.8375244140624,502.78619384765625,187.040771484375,272.6827087402344,149.2931671142578,136.93948364257812,228886368.0,240611200.0,54471384.0,63009664.0,2917741568.0,1280707840.0,263317664.0,353192832.0,180620720.0,109035608.0,33548902.0,11464888.0,5536310.0,8229366.0,1708958.375,3660615.75,2897610.25,664509.1875,625828.875,1188439.0,2753683.75,1162705.875,573325.9375,275342.4375
2012-01-01,92.0,93.1,88.6,88.5,88.5,90.85,89.675,0,0,0,0,76,85.65509796142578,107.88883972167967,88.10096740722656,114.85498809814452,2670.142333984375,2491.177001953125,1005.5596923828124,524.0676879882812,187.040771484375,271.0597229003906,148.53848266601562,139.21339416503906,235466784.0,240611200.0,49601132.0,58789100.0,2917741568.0,1189769344.0,263317664.0,323981920.0,180620720.0,112125768.0,33548902.0,11830487.0,5536310.0,8229366.0,1708958.375,3660615.75,2897610.25,664509.1875,628782.6875,1150678.75,2753683.75,1162705.875,607192.625,275342.4375
2012-04-01,93.5,92.0,93.1,88.6,88.5,92.55,90.55,1,0,0,0,77,85.65509796142578,107.88883972167967,88.10096740722656,111.94287109375,2670.142333984375,2536.7080078125,1147.855224609375,545.6259765625,187.040771484375,246.5775604248047,136.77931213378906,144.28048706054688,225103472.0,240611200.0,46673568.0,88647400.0,2917741568.0,1162336000.0,263317664.0,284873120.0,164662832.0,125523352.0,33548902.0,12683284.0,5536310.0,8229366.0,1708958.375,3660615.75,2897610.25,664509.1875,912941.0,1331158.0,2753683.75,1162705.875,637946.0625,275342.4375
2012-07-01,91.3,93.5,92.0,93.1,88.6,92.75,91.8,0,1,0,0,78,85.65509796142578,107.88883972167967,88.10096740722656,94.9216766357422,2670.142333984375,2543.127685546875,997.0841674804688,545.6259765625,187.040771484375,273.3067626953125,138.78323364257812,142.9780731201172,188239600.0,240611200.0,59057484.0,57962884.0,2917741568.0,1184200320.0,263317664.0,353192832.0,164662832.0,131566648.0,33548902.0,15255034.0,5536310.0,8229366.0,1708958.375,3660615.75,2897610.25,664509.1875,761853.9375,1533881.625,2753683.75,1162705.875,602648.3125,275342.4375
2012-10-01,93.3,91.3,93.5,92.0,93.1,92.4,92.47500000000001,0,0,1,0,79,85.65509796142578,107.88883972167967,88.10096740722656,114.85498809814452,2670.142333984375,2490.060302734375,987.6107177734376,530.955810546875,187.040771484375,272.6827087402344,149.2931671142578,136.93948364257812,166032224.0,240611200.0,63201356.0,85598880.0,2917741568.0,1280707840.0,263317664.0,383351136.0,190476016.0,109035608.0,33548902.0,15599576.0,5536310.0,8229366.0,1708958.375,3660615.75,2897610.25,664509.1875,1048644.0,1200705.125,2753683.75,1162705.875,580220.4375,275342.4375
2013-01-01,92.1,93.3,91.3,93.5,92.0,92.3,92.525,0,0,0,0,80,85.65509796142578,107.88883972167967,88.10096740722656,112.34349822998048,2670.142333984375,2567.10205078125,897.0626220703125,509.6743469238281,187.040771484375,271.0597229003906,148.53848266601562,139.21339416503906,190525344.0,240611200.0,66195344.0,82305592.0,2917741568.0,1189769344.0,263317664.0,289046080.0,206433904.0,112125768.0,33548902.0,15247865.0,5536310.0,8229366.0,1708958.375,3660615.75,2897610.25,664509.1875,801367.5625,1150678.75,2753683.75,1162705.875,573325.9375,275342.4375
2013-04-01,93.1,92.1,93.3,91.3,93.5,92.69999999999999,92.55,1,0,0,0,81,85.65509796142578,107.88883972167967,88.10096740722656,94.9216766357422,2670.142333984375,2632.14892578125,1018.1385498046876,502.78619384765625,187.040771484375,246.5775604248047,136.77931213378906,144.28048706054688,210960656.0,240611200.0,63806452.0,56966688.0,2917741568.0,1155578496.0,263317664.0,287533120.0,206433904.0,125523352.0,33548902.0,13989553.0,5536310.0,8229366.0,1708958.375,3660615.75,2897610.25,664509.1875,480592.4375,1349707.75,2753683.75,1162705.875,620449.625,275342.4375
2013-07-01,92.5,93.1,92.1,93.3,91.3,92.6,92.44999999999999,0,1,0,0,82,85.65509796142578,107.88883972167967,88.10096740722656,120.75792694091795,2670.142333984375,2614.585205078125,1010.928466796875,524.0676879882812,187.040771484375,273.3067626953125,138.78323364257812,142.9780731201172,228886368.0,240611200.0,58336604.0,80399424.0,2917741568.0,1174705664.0,263317664.0,367873056.0,198000800.0,131566648.0,33548902.0,9917320.0,5536310.0,8229366.0,1708958.375,3660615.75,2897610.25,664509.1875,625828.875,1523386.5,2753683.75,1162705.875,637946.0625,275342.4375
2013-10-01,96.2,92.5,93.1,92.1,93.3,92.8,92.75,0,0,1,0,83,85.65509796142578,107.88883972167967,88.10096740722656,112.34349822998048,2670.142333984375,2521.8388671875,1037.058349609375,545.6259765625,187.040771484375,272.6827087402344,149.2931671142578,136.93948364257812,235466784.0,240611200.0,51015276.0,55573720.0,2917741568.0,1228499712.0,263317664.0,305416160.0,176990336.0,109035608.0,33548902.0,9917320.0,5536310.0,8229366.0,1708958.375,3660615.75,2897610.25,664509.1875,628782.6875,1188439.0,2753683.75,1162705.875,602648.3125,275342.4375
2014-01-01,94.2,96.2,92.5,93.1,92.1,94.35,93.47500000000001,0,0,0,0,84,85.65509796142578,107.88883972167967,88.10096740722656,89.3550033569336,2670.142333984375,2480.464599609375,935.6695556640624,545.6259765625,187.040771484375,271.0597229003906,148.53848266601562,139.21339416503906,225103472.0,240611200.0,46673568.0,56399936.0,2917741568.0,1162200320.0,263317664.0,287533120.0,114842160.0,112125768.0,33548902.0,10192908.0,5536310.0,8229366.0,1708958.375,3660615.75,2897610.25,724773.625,912941.0,1150678.75,2753683.75,1162705.875,580220.4375,275342.4375
2014-04-01,94.2,94.2,96.2,92.5,93.1,95.2,94.0,1,0,0,0,85,85.65509796142578,107.88883972167967,88.10096740722656,121.00619506835938,2670.142333984375,2514.52392578125,980.3949584960938,530.955810546875,187.040771484375,246.5775604248047,136.77931213378906,144.28048706054688,188239600.0,240611200.0,59057484.0,62925588.0,3113826560.0,1076442112.0,263317664.0,353192832.0,156019776.0,125523352.0,33548902.0,11464888.0,5536310.0,8229366.0,1708958.375,3660615.75,2897610.25,893656.375,761853.9375,1331158.0,2753683.75,1162705.875,573325.9375,275342.4375
2014-07-01,92.8,94.2,94.2,96.2,92.5,94.2,94.27499999999999,0,1,0,0,86,85.65509796142578,107.88883972167967,88.10096740722656,117.84580993652344,2670.142333984375,2575.07275390625,939.5640258789062,509.6743469238281,187.040771484375,273.3067626953125,138.78323364257812,142.9780731201172,166032224.0,240611200.0,62861116.0,58647852.0,3343508480.0,1108541952.0,263317664.0,323981920.0,209758272.0,131566648.0,33548902.0,11830487.0,5536310.0,8229366.0,1708958.375,3660615.75,2897610.25,1021603.75,1048644.0,1524528.625,2753683.75,1162705.875,607192.625,275342.4375
2014-10-01,96.3,92.8,94.2,94.2,96.2,93.5,94.35000000000001,0,0,1,0,87,85.65509796142578,107.88883972167967,88.10096740722656,111.94287109375,2670.142333984375,2518.897705078125,1045.525390625,502.78619384765625,187.040771484375,272.6827087402344,149.2931671142578,136.93948364257812,190525344.0,240611200.0,66982356.0,85598880.0,2499432192.0,1226913792.0,263317664.0,284873120.0,225716160.0,109035608.0,33548902.0,12683284.0,5536310.0,8229366.0,1708958.375,3660615.75,2897610.25,742986.9375,801367.5625,1224804.0,2753683.75,1162705.875,637946.0625,275342.4375
2015-01-01,96.3,96.3,92.8,94.2,94.2,94.55,94.375,0,0,0,0,88,85.65509796142578,111.77603912353516,88.10096740722656,112.1911392211914,2670.142333984375,2444.87890625,1005.5179443359376,524.0676879882812,187.040771484375,271.0597229003906,148.53848266601562,139.21339416503906,210960656.0,240611200.0,63806452.0,83698552.0,1931688192.0,1237994368.0,263317664.0,353192832.0,239190592.0,112125768.0,33548902.0,15255034.0,5536310.0,8229366.0,1708958.375,3660615.75,3064359.75,441300.1875,480592.4375,1126167.375,2753683.75,1162705.875,602648.3125,275342.4375
2015-04-01,97.1,96.3,96.3,92.8,94.2,96.3,94.9,1,0,0,0,89,86.22966766357422,108.1657257080078,88.10096740722656,117.4011688232422,2670.142333984375,2522.406494140625,1023.067138671875,545.6259765625,187.040771484375,246.5775604248047,136.77931213378906,144.28048706054688,228886368.0,240611200.0,54471384.0,82688512.0,2413254656.0,1162336000.0,263317664.0,383351136.0,231310112.0,125523352.0,33548902.0,15599576.0,5536310.0,8229366.0,1708958.375,3660615.75,2681264.75,386260.03125,625828.875,1331158.0,2753683.75,1162705.875,580220.4375,275342.4375
2015-07-01,97.1,97.1,96.3,96.3,92.8,96.69999999999999,95.625,0,1,0,0,90,109.7206039428711,136.28855895996094,88.10096740722656,117.84580993652344,2670.142333984375,2461.504150390625,922.916748046875,545.6259765625,187.040771484375,273.3067626953125,138.02854919433594,142.9780731201172,235466784.0,240611200.0,49601132.0,79573208.0,3182557696.0,1170117120.0,263317664.0,289046080.0,117586056.0,131566648.0,33548902.0,15247865.0,5536310.0,8229366.0,1708958.375,3660615.75,2476589.75,554834.625,628782.6875,1466270.875,2753683.75,1162705.875,573325.9375,275342.4375
2015-10-01,102.0,97.1,97.1,96.3,96.3,97.1,96.69999999999999,0,0,1,0,91,110.76053619384766,149.8282012939453,88.10096740722656,112.34349822998048,2670.142333984375,2628.381103515625,1009.6571044921876,530.955810546875,186.33322143554688,272.6827087402344,149.2931671142578,136.93948364257812,225103472.0,230712560.0,46673568.0,55573720.0,3552767232.0,1181063168.0,263317664.0,287533120.0,136639328.0,104042632.0,33548902.0,13989553.0,5536310.0,8229366.0,1708958.375,3660615.75,2930934.25,717099.5,912941.0,1226056.25,2753683.75,1162705.875,620449.625,275342.4375
2016-01-01,100.9,102.0,97.1,97.1,96.3,99.55,98.125,0,0,0,0,92,116.08625793457033,142.77735900878906,88.10096740722656,112.1911392211914,2670.142333984375,2592.433349609375,959.5769653320312,509.6743469238281,186.33322143554688,271.0597229003906,148.53848266601562,139.21339416503906,192411120.0,230712560.0,59057484.0,56399936.0,4725275136.0,1208496512.0,263317664.0,367873056.0,171054176.0,112125768.0,33548902.0,9917320.0,5536310.0,8229366.0,1708958.375,3660615.75,2034507.625,1049918.75,761853.9375,1165006.0,2753683.75,1162705.875,637946.0625,275342.4375
2016-04-01,100.7,100.9,102.0,97.1,97.1,101.45,99.275,1,0,0,0,93,116.08625793457033,142.1513671875,88.10096740722656,118.850830078125,2670.142333984375,2541.807861328125,1035.3017578125,502.78619384765625,183.2831878662109,246.5775604248047,142.2088623046875,142.0872344970703,166032224.0,230712560.0,63201356.0,56399936.0,6078707712.0,1197550464.0,268064128.0,305416160.0,224453984.0,124636216.0,33548902.0,9917320.0,5929799.0,8229366.0,1708958.375,3660615.75,2321459.25,1188018.375,1048644.0,1429792.625,2753683.75,1162705.875,605495.9375,275342.4375
2016-07-01,97.1,100.7,100.9,102.0,97.1,100.80000000000001,100.175,0,1,0,0,94,115.83406066894533,146.52593994140625,88.10096740722656,117.74423217773438,2670.142333984375,2521.808837890625,944.3414306640624,524.0676879882812,182.3479156494141,268.00506591796875,134.41392517089844,142.00657653808594,194696864.0,245912976.0,66195344.0,58465216.0,5953096704.0,1190318080.0,268936672.0,287533120.0,274123264.0,131566648.0,33857684.0,10192908.0,5999308.0,8229366.0,1708958.375,3660615.75,2624109.25,1311109.25,801367.5625,1253145.5,2759448.75,1162705.875,570476.5625,275342.4375
2016-10-01,101.6,97.1,100.7,100.9,102.0,98.9,100.17500000000001,0,0,1,0,95,121.08733367919922,160.04783630371094,88.10096740722656,114.63690948486328,2670.142333984375,2594.980224609375,977.4417114257812,545.6259765625,141.98367309570312,273.26593017578125,146.994140625,138.787353515625,210871184.0,260484384.0,63806452.0,61800804.0,4984932864.0,1355344000.0,271335200.0,353192832.0,296569344.0,114477704.0,33681228.0,11152757.0,5999308.0,8229366.0,1742505.25,3660615.75,3259949.75,1412098.375,487623.34375,1175646.375,2758789.0,1162705.875,573325.9375,275342.4375
2017-01-01,105.1,101.6,97.1,100.7,100.9,99.35,100.075,0,0,0,0,96,126.13934326171876,174.4911346435547,88.10096740722656,116.10610961914062,2670.142333984375,2484.843017578125,929.06787109375,545.6259765625,128.89620971679688,271.0597229003906,149.06422424316406,110.25709533691406,232431808.0,283868672.0,58336604.0,69236728.0,5373194240.0,1382535040.0,278572160.0,317601760.0,274781248.0,114987256.0,24536168.0,11906520.0,5999308.0,8229366.0,1708958.375,3698852.25,4217402.0,1356299.625,630429.625,1451717.5,2845540.5,1162705.875,607192.625,275342.4375
2017-04-01,101.2,105.1,101.6,97.1,100.7,103.35,101.125,1,0,0,0,97,152.63075256347656,178.97726440429688,84.84615325927734,119.78089904785156,2421.31103515625,2557.6982421875,1134.92919921875,530.955810546875,144.11065673828125,236.5391845703125,152.83900451660156,121.7568817138672,273314880.0,335014848.0,51015276.0,78657256.0,6759426560.0,1300490368.0,249012752.0,295217248.0,279032960.0,121877736.0,32767686.0,12272119.0,6018115.5,8276236.0,1703475.0,3660615.75,4888321.0,1529401.0,595062.125,1268699.25,2734753.5,1167274.0,635098.4375,275342.4375
2017-07-01,93.2,101.2,105.1,101.6,97.1,103.15,101.25,0,1,0,0,98,164.7425537109375,191.1234130859375,88.42123413085938,130.5829315185547,2518.667236328125,2556.133544921875,1005.3270874023438,519.0744018554688,220.8910217285156,273.4389038085937,203.14471435546875,124.4995346069336,312673216.0,445985792.0,47190968.0,127424632.0,6212504064.0,1500362112.0,308650048.0,300997024.0,380590336.0,117481856.0,39384504.0,12692521.0,6326363.0,8300932.0,1669286.5,3698852.25,4783431.0,1769978.75,1107483.875,1165006.0,2816586.5,1091412.625,611484.6875,275342.4375
2017-10-01,97.1,93.2,101.2,105.1,101.6,97.2,100.27499999999999,0,0,1,0,99,170.8202362060547,182.96031188964844,92.14028930664062,145.24801635742188,2696.77001953125,2601.974853515625,1061.588623046875,536.6441040039062,251.0974273681641,283.4491882324219,216.00282287597656,163.57577514648438,324477120.0,411247392.0,59590124.0,94832048.0,5157237248.0,1701461376.0,293826944.0,422939648.0,414475904.0,103071040.0,48965172.0,13574083.0,6526162.0,8666023.0,1437547.0,3732483.25,4304283.5,1868004.5,764169.4375,1524528.625,3340322.25,1197467.375,573241.625,275342.4375
2018-01-01,101.6,97.1,93.2,101.2,105.1,95.15,99.15,0,0,0,0,100,175.7677001953125,206.38302612304688,102.14779663085938,150.48699951171875,2895.4228515625,2413.090087890625,898.4818115234375,506.5058288574219,286.3086242675781,270.22088623046875,215.3294982910156,168.5011749267578,381471424.0,527452800.0,61962608.0,111220952.0,6132831744.0,1609064448.0,275741248.0,300343712.0,347974016.0,84359000.0,43063344.0,15604293.0,6526162.0,8728345.0,2021688.0,3822591.75,5039661.5,1778019.25,906157.9375,1236551.375,3456355.5,1200152.375,577520.0,275342.4375
2018-04-01,102.5,101.6,97.1,93.2,101.2,99.35,98.27499999999999,1,0,0,0,101,178.7628173828125,202.1331787109375,108.25892639160156,150.70579528808594,3034.238037109375,2334.39453125,1015.6510620117188,540.5525512695312,307.9343566894531,168.25926208496094,213.19503784179688,162.05548095703125,380246592.0,498452960.0,70015864.0,124164168.0,7638301696.0,1392535680.0,285607296.0,290879936.0,354777088.0,77867440.0,48040948.0,19663848.0,6644177.0,11014191.0,2168574.25,3660615.75,5772831.5,1658569.75,772918.75,1108035.625,3813771.25,1055351.0,653079.3125,289015.78125
2018-07-01,97.0,102.5,101.6,97.1,93.2,102.05,98.6,0,1,0,0,102,75.19,90.4,72.62,75.30000000000001,1962.92,2164.91,757.26,449.43,116.5,124.41,98.2,98.58,211995057.0,348938346.0,50065830.0,85654481.0,2439205464.0,1112299279.0,185922884.0,206917991.0,160072944.0,59370555.0,25692117.0,12418084.0,5652796.0,7737435.0,1383341.0,2289590.0,2495005.0,1027465.0,489607.0,918050.0,2736708.0,938048.0,522794.0,251320.0
2018-10-01,98.9,97.0,102.5,101.6,97.1,99.75,99.55,0,0,1,0,103,111.33,156.87,101.96,128.45999999999998,2848.7,3327.08,844.8199999999999,780.31,204.67,293.22,160.39999999999998,161.14,298846958.0,571291797.0,78540482.0,159839045.0,4679811158.0,1645163544.0,336943662.0,508830752.0,260290429.0,150612466.0,45718747.0,22766276.0,8126389.0,11121339.0,2313166.0,3762009.0,4915294.0,1484215.0,1214376.0,1950279.0,3811045.0,1530916.0,853890.0,425392.0
2019-01-01,101.5,98.9,97.0,102.5,101.6,97.95,100.0,0,0,0,0,104,108.89,138.46,101.66,118.03,3173.75,2773.32,1346.6,726.4,200.14,274.95,151.29,159.03,305571332.0,554647701.0,80714369.0,163119104.0,5837883781.0,1165536963.0,329821954.0,298052923.0,259437468.0,118694760.0,43760833.0,26819398.0,8419767.0,12005967.0,2389750.0,4160194.0,5527469.0,1253693.0,749370.0,1232666.0,3929571.0,1321307.0,868238.0,504044.0
2019-04-01,99.5,101.5,98.9,97.0,102.5,100.2,99.97500000000001,1,0,0,0,105,121.59,141.59,104.75,110.91,2951.81,2437.25,1081.23,696.45,194.85,230.62,141.39,159.29,329252025.0,528784211.0,87423345.0,165468980.0,4783916797.0,1159076832.0,361713182.0,344153824.0,271282662.0,103841264.0,42669842.0,27260253.0,8134000.0,11231535.0,2518933.0,4473677.0,4870109.0,1426121.0,1030549.0,1483124.0,4180826.0,1367087.0,905730.0,520437.0
2019-07-01,97.6,99.5,101.5,98.9,97.0,100.5,99.22500000000001,0,1,0,0,106,112.39,148.99,103.86,112.07,3087.01,2533.14,956.65,744.2,199.63,249.86,141.32,151.81,315158420.0,535485432.0,77241601.0,153479040.0,4331512113.0,1430779224.0,322212254.0,382848495.0,305551937.0,119475129.0,44597029.0,23599853.0,8406481.0,10777515.0,2229938.0,4108123.0,4213939.0,1691122.0,1018336.0,1542995.0,4595487.0,1433852.0,947441.0,470296.0
2019-10-01,98.9,97.6,99.5,101.5,98.9,98.55,99.375,0,0,1,0,107,112.12,162.87,89.3,136.4,2804.32,2170.05,851.57,666.81,181.39,281.72,145.07,168.69,323197894.0,637300330.0,74629761.0,202734712.0,4708848609.0,1121756546.0,369610863.0,455938939.0,295447269.0,132016463.0,45755411.0,29995384.0,8689385.0,11738779.0,2498680.0,4445854.0,5023359.0,1550419.0,1324552.0,2055471.0,4892036.0,1423078.0,947441.0,534778.0
2020-01-01,103.8,98.9,97.6,99.5,101.5,98.25,99.375,0,0,0,1,108,117.64,153.9,98.99,118.22,3126.09,2217.54,1089.27,674.96,198.39,287.87,160.97,146.99,313527352.0,550695664.0,73623297.0,157957007.0,4858748806.0,813312052.0,246160718.0,203910206.0,272632598.0,115235725.0,45224245.0,21035967.0,8011108.0,10682717.0,2238111.0,3993808.0,4648279.0,1089243.0,682778.0,907149.0,4124440.0,1200443.0,844519.0,427466.0
2020-04-01,55.4,103.8,98.9,97.6,99.5,101.35,99.94999999999999,1,0,0,1,109,123.1,131.37,106.02,126.7,2255.51,2010.45,1065.95,796.76,119.92,142.92,105.42,100.85,138182386.0,127145916.0,36189445.0,38335788.0,151110725.0,64461804.0,113727254.0,28110977.0,65034871.0,17263789.0,17775193.0,3846234.0,3368683.0,2905021.0,1022853.0,906842.0,200191.0,96327.0,337366.0,104695.0,1626649.0,361536.0,505070.0,114719.0
2020-07-01,66.6,55.4,103.8,98.9,97.6,79.6,88.925,0,1,0,1,110,123.98,147.45,114.68,128.9,2930.67,2009.41,1158.09,846.77,147.96,149.83,152.41,138.6,134271305.0,186367113.0,36035100.0,50105527.0,1070720685.0,179031251.0,214745368.0,82703039.0,118460232.0,28808571.0,26870540.0,9111871.0,3220999.0,3794527.0,956895.0,1177052.0,1097602.0,266880.0,558395.0,291462.0,2369807.0,597674.0,532245.0,195982.0
2020-10-01,76.9,66.6,55.4,103.8,98.9,60.99999999999999,81.17500000000001,0,0,1,1,111,128.34,158.54000000000002,103.44,116.92,2725.76,2193.55,950.62,670.73,169.13,227.82,149.32999999999998,139.66,171495784.0,203399470.0,49217931.0,55255152.0,2189036023.0,370644304.0,279474374.0,125805673.0,159345314.0,33312958.0,31700455.0,8676819.0,4016594.0,3835011.0,1428890.0,1415506.0,2391555.0,506156.0,898728.0,562709.0,2829115.0,436775.0,636797.0,186131.0
2021-01-01,77.7,76.9,66.6,55.4,103.8,71.75,75.675,0,0,0,1,112,153.35,161.22,130.06,123.44,3167.46,1903.02,1001.39,729.86,232.3,173.4,188.4,162.72,210233300.0,208419249.0,65190277.0,55660416.0,2279484702.0,346644544.0,174045376.0,136599404.0,192203136.0,27042893.0,39039591.0,9653134.0,4110211.0,3884574.0,1504585.0,1354044.0,2164344.0,558756.0,527771.0,561347.0,2473560.0,468311.0,623786.0,176051.0
2021-04-01,89.2,77.7,76.9,66.6,55.4,77.30000000000001,69.15,1,0,0,1,113,163.63,143.51,140.66,139.58,3269.61,1869.25,980.77,714.37,248.48,175.55,205.2,177.19,218157307.0,179960401.0,72312499.0,59210928.0,3976441082.0,722942847.0,291466431.0,278286852.0,241395693.0,27776532.0,45334354.0,11812643.0,4001095.0,3758823.0,1541640.0,1273219.0,3634772.0,1152625.0,888661.0,1155540.0,2919552.0,474370.0,662696.0,200010.0
2021-07-01,92.1,89.2,77.7,76.9,66.6,83.45,77.6,0,1,0,1,114,179.63,141.93,147.18,146.6,3501.04,1790.8,959.44,806.62,285.16,169.73,221.25,166.45,232705803.0,177108440.0,73721137.0,59299297.0,4537832069.0,754869272.0,261254578.0,360781179.0,301089038.0,26467551.0,53880052.0,11759229.0,3889438.0,3745750.0,1505305.0,1215825.0,3888490.0,1267553.0,811677.0,1343783.0,3175280.0,467401.0,730224.0,212401.0
2021-10-01,98.3,92.1,89.2,77.7,76.9,90.65,83.975,0,0,1,1,115,174.83,160.95,134.76,164.29000000000002,3312.8,2079.56,994.95,693.91,288.17,210.73,210.83,179.36,220306832.0,246279577.0,61116167.0,83153492.0,5401512256.0,971328725.0,397587323.0,340205903.0,251963573.0,38384846.0,42784972.0,12979949.0,3776220.0,4561922.0,1358773.0,1498332.0,4914506.0,1406192.0,1214100.0,1478421.0,2623843.0,545438.0,607130.0,216858.0
2022-01-01,100.9,98.3,92.1,89.2,77.7,95.19999999999999,89.325,0,0,0,0,116,171.99,160.75,126.6,147.82999999999998,3475.76,1819.31,1043.02,592.62,295.9,189.89,214.02,185.59,204219996.0,257554029.0,50688114.0,79247041.0,5899895128.0,665895103.0,230193985.0,199537649.0,224689700.0,40983319.0,38489930.0,13448510.0,3555325.0,4804277.0,1198678.0,1607053.0,5096590.0,1080641.0,667032.0,1007293.0,2271194.0,648614.0,535823.0,217171.0
2022-04-01,103.0,100.9,98.3,92.1,89.2,99.6,95.125,1,0,0,0,117,177.2,175.57999999999998,134.28,153.53,3330.69,2569.5,1036.36,472.25,318.63,212.65,229.64,193.69,218986705.0,293743858.0,59755454.0,85163440.0,6002397110.0,1076575013.0,336196560.0,171263216.0,264218422.0,47019355.0,40865388.0,13582460.0,3707092.0,5013439.0,1335595.0,1663104.0,5408751.0,1256671.0,980251.0,1087317.0,2489828.0,660720.0,538872.0,210433.0
2022-07-01,100.0,103.0,100.9,98.3,92.1,101.95,98.575,0,1,0,0,118,174.47,175.11,132.77,152.72,3313.5,2501.17,1102.64,537.09,325.86,228.47,261.98,183.56,216460121.0,310398250.0,60269292.0,89837266.0,5553279323.0,1218754313.0,368326594.0,241600960.0,316948509.0,60667014.0,53572284.0,14708459.0,3722807.0,5321229.0,1361761.0,1768301.0,5010335.0,1459833.0,1008738.0,1346659.0,2917669.0,797370.0,614255.0,241230.0
2022-10-01,102.7,100.0,103.0,100.9,98.3,101.5,100.55000000000001,0,0,1,0,119,175.54,195.5,137.29,178.71,3154.04,2716.02,1020.52,589.47,340.12,241.13,260.61,214.53,251827666.0,383905340.0,64544905.0,125867082.0,6129112253.0,1329852234.0,503527437.0,260507221.0,333322924.0,57540490.0,52286773.0,15876992.0,4302186.0,5857703.0,1410343.0,2105207.0,5813492.0,1471675.0,1438430.0,1327040.0,2932879.0,715449.0,601411.0,222075.0
2023-01-01,107.4,102.7,100.0,103.0,100.9,101.35,101.65,0,0,0,0,120,180.33,180.09,133.9,157.32999999999998,3651.35,2407.87,1085.44,540.37,333.9,209.44,243.04,175.51,259970764.0,364688460.0,64625437.0,110066206.0,7713376836.0,1040511457.0,276075025.0,193955167.0,298068290.0,52101325.0,49848026.0,14831680.0,4322627.0,6074055.0,1446856.0,2099524.0,6339870.0,1293349.0,781893.0,1066834.0,2679690.0,747853.0,614328.0,252962.0
2023-04-01,104.3,107.4,102.7,100.0,103.0,105.05000000000001,103.275,1,0,0,0,121,194.99,180.61,139.73000000000002,162.26,3382.8,2757.01,905.73,594.47,328.55,209.94,243.47,182.23,299167625.0,385038009.0,66413845.0,118686252.0,6210534745.0,1362889135.0,294766878.0,223747778.0,326030010.0,51521942.0,54479349.0,14022780.0,4591809.0,6390705.0,1424999.0,2190422.0,5504154.0,1483027.0,983690.0,1129595.0,2969217.0,735947.0,671242.0,230358.0
2023-07-01,100.7,104.3,107.4,102.7,100.0,105.85,103.6,0,1,0,0,122,187.68,179.14,141.8,153.94,3192.52,2830.76,1022.82,685.12,333.52,208.94,226.5,177.79,261885383.0,407676414.0,62944400.0,117917600.0,5247715776.0,1696113768.0,308941860.0,337979523.0,404655000.0,67170591.0,50366725.0,15098610.0,4184841.0,6822458.0,1333166.0,2300554.0,4924092.0,1803642.0,893377.0,1469810.0,3635296.0,963741.0,666322.0,254472.0
2023-10-01,105.5,100.7,104.3,107.4,102.7,102.5,103.775,0,0,1,0,123,182.69,209.6,146.81,175.4,3212.39,2607.69,918.84,637.6700000000001,325.86,234.08,252.85,188.56,293891281.0,523083606.0,75622546.0,158172267.0,6527401333.0,1591076647.0,385725562.0,310705787.0,360481904.0,79572294.0,58839703.0,17008005.0,4825544.0,7464987.0,1540832.0,2675493.0,6053227.0,1830396.0,1204567.0,1461397.0,3331104.0,1005853.0,697359.0,270355.0
2024-01-01,113.0,105.5,100.7,104.3,107.4,103.1,104.475,0,0,0,0,124,183.43,187.26,126.53,159.89,3744.44,2405.9700000000003,1030.91,576.88,328.3,231.79,240.39,190.0,309769016.0,478941328.0,72053555.0,139296490.0,8538653508.0,1277788636.0,253884376.0,226500538.0,332519573.0,73664004.0,46733335.0,18725045.0,5056811.0,7667239.0,1706463.0,2611404.0,6846943.0,1607767.0,747391.0,1174851.0,3044043.0,955443.0,583185.0,296732.0
2024-04-01,105.7,113.0,105.5,100.7,104.3,109.25,105.875,1,0,0,0,125,199.78,209.89,146.64,162.07,3416.3,2576.6,995.74,650.23,332.73,251.29,268.44,206.92,405784855.0,635331065.0,88198445.0,148723045.0,6357740591.0,1497900238.0,293886873.0,252255778.0,380350625.0,89434249.0,63380170.0,20517843.0,6067044.0,9063861.0,1805107.0,2752974.0,5580879.0,1745898.0,886105.0,1165947.0,3426005.0,1067929.0,710987.0,297003.0
2024-07-01,101.8,105.7,113.0,105.5,100.7,109.35,106.22500000000001,0,1,0,0,126,189.26,184.8,147.74,161.73000000000002,3296.82,2551.24,1044.34,767.51,352.77,244.09,269.71000000000004,199.24,377491661.0,628161911.0,94085214.0,151584626.0,5135622973.0,1799282227.0,335995401.0,389107961.0,507600113.0,99722954.0,73818449.0,20979585.0,5972977.0,10186611.0,1910160.0,2811226.0,4670004.0,2121147.0,952087.0,1518373.0,4314111.0,1225493.0,820043.0,317782.0
2024-10-01,107.8,101.8,105.7,113.0,105.5,103.75,106.5,0,0,1,0,127,193.34,226.83,128.0,169.15,3424.76,2544.59,939.06,796.29,324.67,252.56,224.84,207.43,420037723.0,837889881.0,93676849.0,220408619.0,6992954065.0,1782295953.0,413209284.0,393141884.0,453637145.0,116463353.0,66165622.0,26347666.0,6505684.0,11065976.0,2197483.0,3913197.0,6067430.0,2103517.0,1309547.0,1478404.0,4194705.0,1360724.0,885289.0,380420.0
2025-01-01,112.1,107.8,101.8,105.7,113.0,104.8,107.075,0,0,0,0,128,187.17,206.58,139.48000000000002,157.95,3935.74,2645.49,1054.89,691.6899999999999,349.3,262.37,268.36,175.21,406172380.0,710058362.0,93991569.0,191996793.0,8695684860.0,1527478004.0,292788071.0,261543712.0,424845893.0,118529987.0,66822659.0,20678863.0,6519511.0,10318902.0,2042763.0,3648860.0,6630770.0,1748026.0,834747.0,1124555.0,3641276.0,1359437.0,753235.0,357522.0
2025-04-01,106.0,112.1,107.8,101.8,105.7,109.94999999999999,106.85,1,0,0,0,129,188.55,217.71,137.5,161.25,3725.62,2889.96,925.19,737.7,335.47,264.3,269.57,188.8,483111977.0,725065211.0,93086707.0,187747756.0,6752991442.0,1842200226.0,339916955.0,278627515.0,483452649.0,116744129.0,63783663.0,20283350.0,7670065.0,9989317.0,2033686.0,3492589.0,5431474.0,1912157.0,1101276.0,1132750.0,4324825.0,1324234.0,709526.0,323781.0
2025-07-01,102.4,106.0,112.1,107.8,101.8,109.05,106.925,0,1,0,0,130,188.91,215.02,140.78,156.54,3406.4400000000005,2899.11,1023.52,767.76,365.24,269.34,291.77,195.04,491628061.0,829134995.0,106385919.0,167554211.0,5281684539.0,2144046217.0,385161394.0,354089954.0,565123258.0,132523864.0,82909606.0,21170645.0,7807131.0,11574262.0,2270849.0,3211948.0,4620440.0,2223521.0,1113598.0,1379395.0,4648978.0,1478501.0,852433.0,325804.0
